USE crafterseden;

SET AUTOCOMMIT=0;
INSERT INTO Suppliers(SupplierID,Location) VALUES
 (1,'United States')
,(2,'Puerto Rico')
,(3,'Ukraine')
,(4,'Poland')
,(5,'Bulgaria')
,(6,'Germany')
,(7,'Indonesia')
,(8,'Czech Republic')
,(9,'Iran')
,(10,'Ireland')
,(11,'Mexico')
,(12,'Russia')
,(13,'Greece')
,(14,'Colombia')
,(15,'Mongolia')
,(16,'Indonesia')
,(17,'Indonesia')
,(18,'Thailand')
,(19,'Russia')
,(20,'Philippines')
,(21,'Madagascar')
,(22,'Czech Republic')
,(23,'Ukraine')
,(24,'Russia')
,(25,'China')
,(26,'Poland')
,(27,'Canada')
,(28,'France')
,(29,'Indonesia')
,(30,'Saudi Arabia')
,(31,'Poland')
,(32,'Ghana')
,(33,'Peru')
,(34,'Philippines')
,(35,'Croatia')
,(36,'China')
,(37,'Kazakhstan')
,(38,'Spain')
,(39,'China')
,(40,'Philippines')
,(41,'Argentina')
,(42,'Norway')
,(43,'Cyprus')
,(44,'Brazil')
,(45,'China')
,(46,'Brazil')
,(47,'Sweden')
,(48,'Brazil')
,(49,'Morocco')
,(50,'Philippines')
,(51,'China')
,(52,'Myanmar')
,(53,'China')
,(54,'Madagascar')
,(55,'Czech Republic')
,(56,'Philippines')
,(57,'Russia')
,(58,'China')
,(59,'Portugal')
,(60,'Indonesia')
,(61,'China')
,(62,'Brazil')
,(63,'Bosnia and Herzegovina')
,(64,'Philippines')
,(65,'Indonesia')
,(66,'Iran')
,(67,'Indonesia')
,(68,'China')
,(69,'Brazil')
,(70,'Brazil')
,(71,'Philippines')
,(72,'Indonesia')
,(73,'Japan')
,(74,'Serbia')
,(75,'China')
,(76,'Pakistan')
,(77,'Argentina')
,(78,'Russia')
,(79,'Ukraine')
,(80,'Chile')
,(81,'Indonesia')
,(82,'China')
,(83,'China')
,(84,'Kazakhstan')
,(85,'Mexico')
,(86,'China')
,(87,'Japan')
,(88,'Luxembourg')
,(89,'Poland')
,(90,'United Kingdom')
,(91,'Peru')
,(92,'Cuba')
,(93,'Norway')
,(94,'China')
,(95,'Vietnam')
,(96,'China')
,(97,'China')
,(98,'Norway')
,(99,'Peru')
,(100,'Russia');
COMMIT;

SET AUTOCOMMIT=0;
INSERT INTO Customers(CustomerID,Name,Email,Address,Phone,Username) VALUES
 (1,'Dyana Kirdsch','dkirdsch0@nature.com','03 Village Junction','425-671-1087','dkirdsch0')
,(2,'Delila Veracruysse','dveracruysse1@sciencedaily.com','9216 Sunbrook Street','185-190-3134','dveracruysse1')
,(3,'Hanson Samarth','hsamarth2@bizjournals.com','11188 Novick Junction','495-457-7599','hsamarth2')
,(4,'Tabbatha Hayland','thayland3@free.fr','6945 Melody Junction','562-569-7201','thayland3')
,(5,'Reggy Syme','rsyme4@tripadvisor.com','6427 Riverside Parkway','381-819-2263','rsyme4')
,(6,'Tarah Lyffe','tlyffe5@imgur.com','8213 Kedzie Hill','941-790-7938','tlyffe5')
,(7,'Broderick Ventris','bventris6@rediff.com','2 Schiller Court','148-136-5842','bventris6')
,(8,'Errol Dimsdale','edimsdale7@canalblog.com','678 Scofield Court','817-526-0819','edimsdale7')
,(9,'Ninnette Lux','nlux8@gnu.org','620 Oak Parkway','252-863-3866','nlux8')
,(10,'Ianthe Gelsthorpe','igelsthorpe9@ucsd.edu','7179 Clove Terrace','821-803-0382','igelsthorpe9')
,(11,'Linea Hardey','lhardeya@oracle.com','1 Brown Street','294-830-8567','lhardeya')
,(12,'Menard Smullin','msmullinb@privacy.gov.au','74027 Karstens Court','303-850-7539','msmullinb')
,(13,'Mathew Pettiward','mpettiwardc@over-blog.com','48 Northview Drive','339-975-6396','mpettiwardc')
,(14,'Brion Canet','bcanetd@stumbleupon.com','71281 Blaine Park','118-316-6313','bcanetd')
,(15,'Sofie Dalloway','sdallowaye@meetup.com','9318 Rutledge Place','946-720-0069','sdallowaye')
,(16,'Cad Humbert','chumbertf@desdev.cn','9 Holy Cross Street','481-212-6732','chumbertf')
,(17,'Waldo Matias','wmatiasg@toplist.cz','0 Jana Alley','363-614-7964','wmatiasg')
,(18,'Harlin Placide','hplacideh@skype.com','71219 Valley Edge Junction','501-528-4521','hplacideh')
,(19,'Ardra Pasek','apaseki@pbs.org','64 Loftsgordon Junction','765-193-4858','apaseki')
,(20,'Natty Domingues','ndominguesj@artisteer.com','2 Valley Edge Lane','886-862-6942','ndominguesj')
,(21,'Natasha Sellek','nsellekk@unesco.org','31 Nevada Junction','941-748-8390','nsellekk')
,(22,'Binny Maken','bmakenl@hc360.com','9 Bowman Drive','295-271-5194','bmakenl')
,(23,'Wenda Corkel','wcorkelm@phoca.cz','5 Mendota Parkway','588-531-5676','wcorkelm')
,(24,'John Blanden','jblandenn@lycos.com','2617 4th Avenue','751-100-6425','jblandenn')
,(25,'Jed Freeborne','jfreeborneo@tamu.edu','50 Oakridge Road','460-605-9091','jfreeborneo')
,(26,'Caryl Powdrill','cpowdrillp@seesaa.net','58857 Sunfield Junction','281-806-7910','cpowdrillp')
,(27,'Ernest Joye','ejoyeq@census.gov','7784 Rutledge Court','140-398-8808','ejoyeq')
,(28,'Suzy Waudby','swaudbyr@delicious.com','1 Fremont Place','362-963-6955','swaudbyr')
,(29,'Jerry Devenport','jdevenports@adobe.com','051 Mallard Plaza','955-161-7831','jdevenports')
,(30,'Thomasina Legrave','tlegravet@cisco.com','86 Spenser Drive','365-612-5312','tlegravet')
,(31,'Mariejeanne Iliff','miliffu@cbsnews.com','2 Schlimgen Court','308-914-9156','miliffu')
,(32,'Web Pendlington','wpendlingtonv@blogspot.com','92 Melvin Circle','380-313-5250','wpendlingtonv')
,(33,'Belvia Moston','bmostonw@netlog.com','1193 Riverside Court','575-639-6433','bmostonw')
,(34,'Bertine Arbuckle','barbucklex@cnn.com','9868 Dryden Junction','876-861-4825','barbucklex')
,(35,'Willa Wake','wwakey@jigsy.com','2131 Mandrake Hill','620-460-6412','wwakey')
,(36,'Araldo MacNally','amacnallyz@baidu.com','64 Carpenter Alley','529-548-8086','amacnallyz')
,(37,'Catherine Fatkin','cfatkin10@photobucket.com','770 Atwood Point','526-767-2429','cfatkin10')
,(38,'Sherlock Castellanos','scastellanos11@patch.com','84198 Jay Way','650-706-7927','scastellanos11')
,(39,'Alister Thackray','athackray12@rakuten.co.jp','1 Crownhardt Parkway','382-547-3747','athackray12')
,(40,'Merwin Slite','mslite13@twitter.com','6 Summer Ridge Hill','578-790-5689','mslite13')
,(41,'Isabeau Brayshay','ibrayshay14@google.cn','52411 Mandrake Trail','290-114-0958','ibrayshay14')
,(42,'Quentin Cosely','qcosely15@si.edu','8092 Sutteridge Point','579-638-0728','qcosely15')
,(43,'Manfred Tolland','mtolland16@sohu.com','997 Bellgrove Plaza','611-840-3626','mtolland16')
,(44,'Bamby Wardhaugh','bwardhaugh17@foxnews.com','6 Commercial Hill','106-289-1769','bwardhaugh17')
,(45,'Ketti Durber','kdurber18@moonfruit.com','3753 Michigan Crossing','738-737-2530','kdurber18')
,(46,'Ario Gerrad','agerrad19@google.it','336 Algoma Drive','532-684-8935','agerrad19')
,(47,'Zea D''Aguanno','zdaguanno1a@biblegateway.com','6 Holy Cross Street','218-118-3917','zdaguanno1a')
,(48,'Elysia Lissaman','elissaman1b@people.com.cn','849 Eggendart Alley','107-673-8104','elissaman1b')
,(49,'Jocelin Simchenko','jsimchenko1c@google.ca','89693 Crowley Place','631-840-5721','jsimchenko1c')
,(50,'Daphne Macci','dmacci1d@dropbox.com','257 Talmadge Road','185-704-9362','dmacci1d')
,(51,'Halsey Duckworth','hduckworth1e@cpanel.net','1621 Fisk Point','797-282-4754','hduckworth1e')
,(52,'Oliviero Wetton','owetton1f@photobucket.com','13112 Old Shore Court','912-857-6017','owetton1f')
,(53,'Allina Ingilson','aingilson1g@artisteer.com','533 Bluestem Plaza','596-166-4784','aingilson1g')
,(54,'Fredia Mila','fmila1h@ycombinator.com','073 Loeprich Drive','637-901-5276','fmila1h')
,(55,'Bernhard Cartmill','bcartmill1i@google.pl','87990 Sutteridge Terrace','633-224-2457','bcartmill1i')
,(56,'Ami Davana','adavana1j@netvibes.com','00854 Redwing Court','676-684-5910','adavana1j')
,(57,'Rick Wisbey','rwisbey1k@cafepress.com','2418 Thompson Road','987-440-8349','rwisbey1k')
,(58,'Luciana Blackburne','lblackburne1l@bizjournals.com','0663 Anthes Avenue','494-619-5566','lblackburne1l')
,(59,'Mordecai Ellick','mellick1m@yelp.com','6 Westerfield Point','935-466-8383','mellick1m')
,(60,'Daffy Coneau','dconeau1n@narod.ru','34 Delaware Parkway','311-388-5351','dconeau1n')
,(61,'Nannie Hindmore','nhindmore1o@is.gd','7583 Goodland Pass','923-890-3907','nhindmore1o')
,(62,'Avrom Branthwaite','abranthwaite1p@mit.edu','63 Havey Lane','145-268-7754','abranthwaite1p')
,(63,'Janka Girodier','jgirodier1q@hao123.com','1168 Blaine Circle','584-414-4828','jgirodier1q')
,(64,'Dukey Tolhurst','dtolhurst1r@tripadvisor.com','6 Holmberg Alley','934-303-1783','dtolhurst1r')
,(65,'Artur Tatteshall','atatteshall1s@nymag.com','2964 Bellgrove Plaza','559-191-1213','atatteshall1s')
,(66,'Joli Wakely','jwakely1t@studiopress.com','452 Hermina Hill','727-317-2083','jwakely1t')
,(67,'Sonja Ostick','sostick1u@toplist.cz','2801 Tennessee Alley','594-863-5199','sostick1u')
,(68,'Pearle Storks','pstorks1v@surveymonkey.com','19574 Haas Center','716-340-8712','pstorks1v')
,(69,'Serge Castlake','scastlake1w@google.nl','8871 Pawling Street','203-264-4443','scastlake1w')
,(70,'Beverie Muir','bmuir1x@myspace.com','603 New Castle Point','678-683-8214','bmuir1x')
,(71,'Pooh Archibould','parchibould1y@mapquest.com','7168 Comanche Alley','288-322-1962','parchibould1y')
,(72,'Kendra January 1st','kjanuary1z@wikia.com','7248 Spohn Trail','750-454-0683','kjanuary1z')
,(73,'Berton Ghirardi','bghirardi20@vk.com','630 Merry Park','977-616-0496','bghirardi20')
,(74,'Tricia Richarson','tricharson21@mail.ru','57032 Sunfield Park','639-904-1674','tricharson21')
,(75,'Libbi Ovington','lovington22@slashdot.org','259 Little Fleur Point','395-221-1433','lovington22')
,(76,'Lynnelle Dovinson','ldovinson23@usgs.gov','54682 Pankratz Parkway','581-447-5417','ldovinson23')
,(77,'Eduard Waberer','ewaberer24@reference.com','1022 Union Plaza','292-280-2028','ewaberer24')
,(78,'Kellina Lamb','klamb25@washington.edu','6 Little Fleur Circle','240-505-6394','klamb25')
,(79,'Valentia Cromarty','vcromarty26@drupal.org','2779 American Way','571-735-0666','vcromarty26')
,(80,'Reina Probetts','rprobetts27@digg.com','00 Sheridan Avenue','234-720-1019','rprobetts27')
,(81,'Esra Obington','eobington28@europa.eu','6 Meadow Ridge Junction','518-960-8903','eobington28')
,(82,'Redd Ondrusek','rondrusek29@wordpress.com','3019 Laurel Junction','362-634-6565','rondrusek29')
,(83,'Clerissa Duggleby','cduggleby2a@slashdot.org','3 Artisan Parkway','783-834-1224','cduggleby2a')
,(84,'Madeleine Sergent','msergent2b@tripod.com','6 Lakeland Parkway','642-655-0508','msergent2b')
,(85,'Tierney Messenger','tmessenger2c@seesaa.net','17914 Sachtjen Point','725-623-6227','tmessenger2c')
,(86,'Grenville Flacknell','gflacknell2d@list-manage.com','3 Old Gate Terrace','920-257-3212','gflacknell2d')
,(87,'Jone Ainger','jainger2e@bloglines.com','9 Corry Plaza','369-208-0734','jainger2e')
,(88,'Shirlene McLagain','smclagain2f@amazonaws.com','70 Graedel Circle','627-838-7177','smclagain2f')
,(89,'Madella Trott','mtrott2g@nhs.uk','14168 Summerview Trail','654-459-9671','mtrott2g')
,(90,'Garwood Huchot','ghuchot2h@fc2.com','8 South Hill','492-781-7283','ghuchot2h')
,(91,'Adiana Connew','aconnew2i@apache.org','46374 Red Cloud Court','233-100-2777','aconnew2i')
,(92,'Aguistin Martin','amartin2j@weebly.com','612 Sunbrook Avenue','476-278-6337','amartin2j')
,(93,'Angie Yitzhakov','ayitzhakov2k@cdc.gov','50276 Esch Park','470-997-8351','ayitzhakov2k')
,(94,'King Pourveer','kpourveer2l@networksolutions.com','161 Del Sol Drive','543-595-2514','kpourveer2l')
,(95,'Nadean Carvill','ncarvill2m@pinterest.com','60 Dapin Court','121-990-6009','ncarvill2m')
,(96,'Titus Brouard','tbrouard2n@house.gov','80621 Dapin Place','115-351-9896','tbrouard2n')
,(97,'Courtenay Meiningen','cmeiningen2o@newyorker.com','2 Hoepker Road','727-743-9196','cmeiningen2o')
,(98,'Kingsly Galbraeth','kgalbraeth2p@bigcartel.com','31 Alpine Lane','257-917-5396','kgalbraeth2p')
,(99,'Lemuel Donegan','ldonegan2q@abc.net.au','85989 Hintze Center','366-297-0619','ldonegan2q')
,(100,'Roxine Pardon','rpardon2r@php.net','619 Lunder Junction','643-799-7217','rpardon2r');
COMMIT;

SET AUTOCOMMIT=0;
INSERT INTO YarnProduct(YarnID,ProductName,SkeinLength,Price,Fiber,Color,YarnWeight,NetWeight,Brand,ManufacturingCountry,Photos) VALUES
 (1,'Sole - Dover, Whole, Fresh',496,24.91,6,'Teal',5,192,'Riffpedia','Russia','http://dummyimage.com/109x100.png/ff4444/ffffff')
,(2,'Pepsi, 355 Ml',257,94.47,1,'Aquamarine',2,149,'Vinder','Iran','http://dummyimage.com/192x100.png/cc0000/ffffff')
,(3,'Lid - 3oz Med Rec',568,31.22,4,'Turquoise',2,205,'Vidoo','Japan','http://dummyimage.com/228x100.png/5fa2dd/ffffff')
,(4,'Clams - Canned',529,48.52,9,'Khaki',2,205,'Youspan','Portugal','http://dummyimage.com/182x100.png/ff4444/ffffff')
,(5,'Cherries - Frozen',429,77.75,6,'Indigo',4,165,'Flashdog','Belarus','http://dummyimage.com/188x100.png/cc0000/ffffff')
,(6,'Campari',712,11.82,5,'Fuscia',2,217,'Camido','Russia','http://dummyimage.com/121x100.png/dddddd/000000')
,(7,'Bar - Granola Trail Mix Fruit Nut',442,45.39,8,'Red',3,240,'Zooveo','Pakistan','http://dummyimage.com/115x100.png/dddddd/000000')
,(8,'Flavouring - Rum',570,62.21,2,'Green',2,112,'Mybuzz','China','http://dummyimage.com/122x100.png/5fa2dd/ffffff')
,(9,'Pepper - Jalapeno',798,90.81,10,'Red',2,172,'Demimbu','Russia','http://dummyimage.com/135x100.png/cc0000/ffffff')
,(10,'Beef - Bones, Cut - Up',592,46.33,10,'Goldenrod',3,133,'Skippad','Brazil','http://dummyimage.com/117x100.png/dddddd/000000')
,(11,'Sambuca Cream',385,75.42,10,'Red',2,275,'Snaptags','Italy','http://dummyimage.com/235x100.png/ff4444/ffffff')
,(12,'Bread Bowl Plain',269,33.03,5,'Khaki',5,225,'Linktype','Slovenia','http://dummyimage.com/119x100.png/cc0000/ffffff')
,(13,'Sparkling Wine - Rose, Freixenet',466,58.86,2,'Purple',2,216,'Twimbo','Sweden','http://dummyimage.com/124x100.png/cc0000/ffffff')
,(14,'Soup - Beef Conomme, Dry',308,32.43,2,'Goldenrod',1,271,'Pixoboo','China','http://dummyimage.com/174x100.png/cc0000/ffffff')
,(15,'Chicken - Ground',434,61.24,1,'Pink',1,230,'Dabjam','Philippines','http://dummyimage.com/166x100.png/cc0000/ffffff')
,(16,'Wine - Alsace Riesling Reserve',567,95.41,3,'Turquoise',3,130,'Dabfeed','Poland','http://dummyimage.com/123x100.png/dddddd/000000')
,(17,'Truffle Shells - White Chocolate',368,65.75,2,'Aquamarine',5,217,'Jaxworks','Indonesia','http://dummyimage.com/232x100.png/dddddd/000000')
,(18,'Coffee Decaf Colombian',629,72.4,3,'Pink',5,277,'Browsezoom','Colombia','http://dummyimage.com/199x100.png/cc0000/ffffff')
,(19,'Beets - Pickled',239,16.0,10,'Indigo',1,247,'Vipe','China','http://dummyimage.com/167x100.png/dddddd/000000')
,(20,'Goldschalger',541,11.36,4,'Crimson',2,141,'Wikivu','China','http://dummyimage.com/220x100.png/cc0000/ffffff')
,(21,'Anchovy Fillets',512,12.48,10,'Aquamarine',4,112,'Ntag','France','http://dummyimage.com/248x100.png/ff4444/ffffff')
,(22,'Capon - Breast, Wing On',731,80.17,10,'Aquamarine',3,180,'Mydeo','Czech Republic','http://dummyimage.com/226x100.png/dddddd/000000')
,(23,'Towel Multifold',311,30.47,5,'Purple',1,132,'Vinte','Panama','http://dummyimage.com/207x100.png/ff4444/ffffff')
,(24,'Cafe Royale',487,41.14,2,'Fuscia',2,285,'Lazz','Brazil','http://dummyimage.com/107x100.png/dddddd/000000')
,(25,'Yoghurt Tubes',493,7.75,4,'Yellow',2,112,'Geba','Greece','http://dummyimage.com/214x100.png/ff4444/ffffff')
,(26,'Wine - Carmenere Casillero Del',611,73.52,8,'Mauv',3,182,'Devify','China','http://dummyimage.com/205x100.png/dddddd/000000')
,(27,'Garbage Bags - Clear',571,36.26,7,'Green',2,182,'Brainsphere','China','http://dummyimage.com/241x100.png/dddddd/000000')
,(28,'Potatoes - Mini White 3 Oz',530,32.39,2,'Fuscia',1,283,'Trilia','Palau','http://dummyimage.com/127x100.png/cc0000/ffffff')
,(29,'Bread - Hamburger Buns',323,54.05,1,'Aquamarine',2,282,'Tagcat','Malaysia','http://dummyimage.com/200x100.png/5fa2dd/ffffff')
,(30,'Wine - Casillero Deldiablo',259,92.24,1,'Red',2,207,'Meembee','United Kingdom','http://dummyimage.com/249x100.png/cc0000/ffffff')
,(31,'Samosa - Veg',270,63.13,9,'Blue',5,235,'Linkbuzz','Chad','http://dummyimage.com/180x100.png/cc0000/ffffff')
,(32,'Garlic - Peeled',679,10.8,7,'Blue',4,145,'Yoveo','China','http://dummyimage.com/129x100.png/5fa2dd/ffffff')
,(33,'Spice - Chili Powder Mexican',563,19.19,1,'Pink',3,163,'Fivespan','Ukraine','http://dummyimage.com/183x100.png/dddddd/000000')
,(34,'Beef - Cow Feet Split',419,21.62,1,'Orange',4,215,'Jabberbean','China','http://dummyimage.com/127x100.png/cc0000/ffffff')
,(35,'Bread - Pain Au Liat X12',740,21.84,8,'Fuscia',4,157,'Centizu','Greece','http://dummyimage.com/161x100.png/cc0000/ffffff')
,(36,'Juice - Cranberry, 341 Ml',536,53.23,2,'Crimson',3,171,'Quimba','Poland','http://dummyimage.com/245x100.png/dddddd/000000')
,(37,'Salt - Kosher',676,96.58,1,'Puce',1,290,'Browseblab','United States','http://dummyimage.com/166x100.png/cc0000/ffffff')
,(38,'Capicola - Hot',800,27.53,5,'Maroon',3,204,'Trilith','China','http://dummyimage.com/139x100.png/cc0000/ffffff')
,(39,'Arctic Char - Fillets',300,30.25,4,'Aquamarine',3,214,'Demimbu','China','http://dummyimage.com/145x100.png/cc0000/ffffff')
,(40,'Onions Granulated',675,55.72,4,'Puce',4,198,'Jaxworks','Indonesia','http://dummyimage.com/202x100.png/ff4444/ffffff')
,(41,'Pork Ham Prager',446,11.52,8,'Fuscia',5,122,'Miboo','Philippines','http://dummyimage.com/203x100.png/cc0000/ffffff')
,(42,'Water - Spring Water, 355 Ml',712,23.77,3,'Indigo',5,256,'Chatterpoint','Honduras','http://dummyimage.com/147x100.png/cc0000/ffffff')
,(43,'Bread - Wheat Baguette',709,93.41,4,'Puce',1,117,'Quire','Monaco','http://dummyimage.com/150x100.png/5fa2dd/ffffff')
,(44,'Turkey - Ground. Lean',704,56.61,6,'Turquoise',3,220,'Avamba','France','http://dummyimage.com/132x100.png/ff4444/ffffff')
,(45,'Tart Shells - Sweet, 3',735,93.55,2,'Khaki',3,207,'Zoombeat','Hong Kong','http://dummyimage.com/232x100.png/ff4444/ffffff')
,(46,'Coconut - Whole',581,9.35,2,'Violet',5,258,'Yakidoo','Brazil','http://dummyimage.com/219x100.png/5fa2dd/ffffff')
,(47,'Celery Root',501,1.41,4,'Goldenrod',5,199,'Youspan','Czech Republic','http://dummyimage.com/208x100.png/cc0000/ffffff')
,(48,'Pork - Belly Fresh',695,42.28,8,'Blue',3,116,'Wikizz','Bosnia and Herzegovina','http://dummyimage.com/132x100.png/cc0000/ffffff')
,(49,'Wine - Red, Wolf Blass, Yellow',749,72.56,4,'Pink',1,285,'Tagfeed','France','http://dummyimage.com/104x100.png/dddddd/000000')
,(50,'Lemonade - Island Tea, 591 Ml',654,19.02,7,'Aquamarine',5,286,'Skajo','Indonesia','http://dummyimage.com/220x100.png/dddddd/000000')
,(51,'Carbonated Water - Lemon Lime',679,92.56,2,'Yellow',1,202,'Muxo','Poland','http://dummyimage.com/105x100.png/ff4444/ffffff')
,(52,'Plums - Red',555,95.1,4,'Maroon',5,153,'Dynabox','France','http://dummyimage.com/143x100.png/cc0000/ffffff')
,(53,'Paste - Black Olive',358,26.14,1,'Red',3,134,'Livefish','Brazil','http://dummyimage.com/155x100.png/cc0000/ffffff')
,(54,'Longan',752,69.23,4,'Maroon',2,171,'Oyoloo','China','http://dummyimage.com/213x100.png/ff4444/ffffff')
,(55,'Wine - Barbera Alba Doc 2001',251,72.22,3,'Teal',3,223,'Shuffletag','Tajikistan','http://dummyimage.com/125x100.png/ff4444/ffffff')
,(56,'Wine - Magnotta - Red, Baco',326,78.29,6,'Aquamarine',5,253,'Riffpath','Burundi','http://dummyimage.com/168x100.png/cc0000/ffffff')
,(57,'Chilli Paste, Hot Sambal Oelek',382,96.1,4,'Orange',1,231,'Rooxo','France','http://dummyimage.com/139x100.png/ff4444/ffffff')
,(58,'Rosemary - Fresh',566,40.06,2,'Aquamarine',2,183,'DabZ','China','http://dummyimage.com/230x100.png/5fa2dd/ffffff')
,(59,'Rum - Light, Captain Morgan',298,31.87,6,'Yellow',4,216,'Voonder','Gabon','http://dummyimage.com/109x100.png/cc0000/ffffff')
,(60,'Corn Meal',634,69.24,7,'Blue',1,190,'Flipbug','China','http://dummyimage.com/111x100.png/dddddd/000000')
,(61,'Water - Spring Water 500ml',730,50.9,4,'Yellow',5,281,'Twitterworks','United States','http://dummyimage.com/165x100.png/5fa2dd/ffffff')
,(62,'Lettuce - Sea / Sea Asparagus',721,58.53,10,'Crimson',5,130,'Izio','Tajikistan','http://dummyimage.com/194x100.png/ff4444/ffffff')
,(63,'Sterno - Chafing Dish Fuel',691,86.47,1,'Mauv',2,111,'Mita','Costa Rica','http://dummyimage.com/240x100.png/5fa2dd/ffffff')
,(64,'Longos - Cheese Tortellini',360,77.54,6,'Red',1,289,'Skibox','Sudan','http://dummyimage.com/158x100.png/cc0000/ffffff')
,(65,'Muffins - Assorted',223,51.91,5,'Violet',4,135,'Buzzshare','Vietnam','http://dummyimage.com/109x100.png/dddddd/000000')
,(66,'Chef Hat 25cm',391,42.49,6,'Khaki',2,137,'Vinder','Cuba','http://dummyimage.com/223x100.png/dddddd/000000')
,(67,'Sauerkraut',401,64.06,4,'Fuscia',4,180,'Edgeclub','Indonesia','http://dummyimage.com/201x100.png/cc0000/ffffff')
,(68,'Sauce - Thousand Island',611,7.77,1,'Yellow',2,124,'Youfeed','Sweden','http://dummyimage.com/144x100.png/cc0000/ffffff')
,(69,'Coffee Caramel Biscotti',788,62.08,10,'Red',5,158,'Voomm','Peru','http://dummyimage.com/224x100.png/5fa2dd/ffffff')
,(70,'Cocoa Powder - Natural',582,97.41,3,'Aquamarine',1,249,'Livepath','Syria','http://dummyimage.com/242x100.png/dddddd/000000')
,(71,'Pork - Tenderloin, Frozen',611,18.57,1,'Aquamarine',3,207,'Camido','Indonesia','http://dummyimage.com/213x100.png/dddddd/000000')
,(72,'Mushroom - White Button',436,14.34,1,'Purple',2,120,'Edgepulse','Ethiopia','http://dummyimage.com/215x100.png/5fa2dd/ffffff')
,(73,'Tomatoes',532,67.46,10,'Blue',3,204,'Flashdog','China','http://dummyimage.com/187x100.png/dddddd/000000')
,(74,'Pork Salted Bellies',444,37.24,9,'Aquamarine',2,193,'DabZ','China','http://dummyimage.com/102x100.png/dddddd/000000')
,(75,'Nescafe - Frothy French Vanilla',395,76.89,8,'Crimson',2,279,'Skinte','China','http://dummyimage.com/108x100.png/ff4444/ffffff')
,(76,'Soup - Campbells - Chicken Noodle',501,90.85,4,'Violet',3,275,'Jaxnation','Cuba','http://dummyimage.com/101x100.png/5fa2dd/ffffff')
,(77,'French Pastry - Mini Chocolate',527,87.98,4,'Red',5,182,'Camido','South Africa','http://dummyimage.com/115x100.png/5fa2dd/ffffff')
,(78,'Sour Puss Raspberry',739,96.47,10,'Mauv',1,100,'Miboo','Bulgaria','http://dummyimage.com/210x100.png/5fa2dd/ffffff')
,(79,'Wine - Kwv Chenin Blanc South',557,76.64,9,'Yellow',5,285,'Buzzdog','United States','http://dummyimage.com/232x100.png/dddddd/000000')
,(80,'Potato - Sweet',413,89.02,2,'Green',5,112,'Zoonoodle','China','http://dummyimage.com/105x100.png/ff4444/ffffff')
,(81,'Truffle Cups Green',414,22.99,5,'Aquamarine',2,133,'Wikizz','Philippines','http://dummyimage.com/204x100.png/ff4444/ffffff')
,(82,'Orange - Blood',607,38.68,6,'Puce',2,208,'Janyx','France','http://dummyimage.com/111x100.png/ff4444/ffffff')
,(83,'Soup - Campbells Beef Noodle',628,60.93,4,'Mauv',1,164,'Bluezoom','Mexico','http://dummyimage.com/133x100.png/ff4444/ffffff')
,(84,'Appetizer - Mushroom Tart',508,38.74,5,'Green',5,143,'Quatz','Norway','http://dummyimage.com/245x100.png/dddddd/000000')
,(85,'Longos - Grilled Salmon With Bbq',519,90.12,10,'Goldenrod',4,163,'Meeveo','China','http://dummyimage.com/102x100.png/ff4444/ffffff')
,(86,'Beef - Diced',477,81.87,4,'Puce',3,157,'Babblestorm','Czech Republic','http://dummyimage.com/136x100.png/ff4444/ffffff')
,(87,'Yogurt - Blueberry, 175 Gr',741,2.15,4,'Violet',2,260,'Oyoba','Argentina','http://dummyimage.com/164x100.png/ff4444/ffffff')
,(88,'Lettuce - Iceberg',799,51.83,8,'Pink',1,122,'Zazio','Russia','http://dummyimage.com/243x100.png/ff4444/ffffff')
,(89,'Steampan Lid',231,25.22,1,'Crimson',2,210,'Youspan','Kazakhstan','http://dummyimage.com/186x100.png/dddddd/000000')
,(90,'Hot Chocolate - Individual',423,93.42,1,'Yellow',1,117,'Flashset','China','http://dummyimage.com/153x100.png/5fa2dd/ffffff')
,(91,'Chocolate - Milk Coating',244,12.22,1,'Puce',2,117,'Browseblab','Laos','http://dummyimage.com/199x100.png/5fa2dd/ffffff')
,(92,'Red Snapper - Fresh, Whole',642,49.48,5,'Blue',5,180,'Skivee','China','http://dummyimage.com/131x100.png/5fa2dd/ffffff')
,(93,'Seedlings - Clamshell',524,24.87,3,'Khaki',5,289,'Oba','China','http://dummyimage.com/142x100.png/5fa2dd/ffffff')
,(94,'Ecolab - Mikroklene 4/4 L',337,53.74,4,'Purple',1,205,'Riffpath','Mongolia','http://dummyimage.com/157x100.png/5fa2dd/ffffff')
,(95,'Glass Clear 8 Oz',616,25.82,5,'Purple',4,140,'Tagtune','Afghanistan','http://dummyimage.com/247x100.png/5fa2dd/ffffff')
,(96,'Sunflower Seed Raw',674,64.64,3,'Purple',3,169,'Thoughtstorm','China','http://dummyimage.com/202x100.png/5fa2dd/ffffff')
,(97,'Artichokes - Jerusalem',602,42.29,7,'Blue',5,153,'Snaptags','Pakistan','http://dummyimage.com/121x100.png/ff4444/ffffff')
,(98,'Tilapia - Fillets',543,51.07,1,'Orange',5,245,'Bluezoom','China','http://dummyimage.com/106x100.png/ff4444/ffffff')
,(99,'Bread - Roll, Calabrese',532,59.82,7,'Aquamarine',2,178,'Thoughtworks','China','http://dummyimage.com/142x100.png/dddddd/000000')
,(100,'Beans - Yellow',239,17.14,2,'Orange',3,145,'Skiba','Brazil','http://dummyimage.com/208x100.png/5fa2dd/ffffff');
COMMIT;

SET AUTOCOMMIT=0;
INSERT INTO BeadProduct(BeadID,ProductName,Material,Price,Color,Size,Brand,ManufacturingCountry,Photos) VALUES
 (1,'Cauliflower','Aluminum',84.38,'Crimson',10,'Jatri','Czech Republic','http://dummyimage.com/243x100.png/dddddd/000000')
,(2,'Longos - Chicken Caeser Salad','Plastic',51.29,'Crimson',10,'Quinu','Indonesia','http://dummyimage.com/246x100.png/cc0000/ffffff')
,(3,'Soup - Knorr, Ministrone','Glass',88.27,'Red',1,'Podcat','Tanzania','http://dummyimage.com/115x100.png/ff4444/ffffff')
,(4,'Dc - Sakura Fu','Plexiglass',27.79,'Goldenrod',1,'Gabspot','China','http://dummyimage.com/223x100.png/5fa2dd/ffffff')
,(5,'Energy Drink Bawls','Granite',86.23,'Pink',5,'Gabvine','Morocco','http://dummyimage.com/206x100.png/5fa2dd/ffffff')
,(6,'Loquat','Brass',29.1,'Khaki',15,'Blogspan','Indonesia','http://dummyimage.com/180x100.png/ff4444/ffffff')
,(7,'Stock - Fish','Steel',81.54,'Red',13,'Mycat','Serbia','http://dummyimage.com/134x100.png/ff4444/ffffff')
,(8,'Pate Pans Yellow','Plastic',41.38,'Blue',8,'Katz','Brazil','http://dummyimage.com/181x100.png/cc0000/ffffff')
,(9,'Nantucket - Carrot Orange','Aluminum',6.06,'Goldenrod',3,'Zoonoodle','Indonesia','http://dummyimage.com/130x100.png/dddddd/000000')
,(10,'Worcestershire Sauce','Vinyl',55.59,'Teal',7,'Browsezoom','Jordan','http://dummyimage.com/107x100.png/dddddd/000000')
,(11,'Onions - White','Glass',77.57,'Mauv',5,'Trunyx','Mozambique','http://dummyimage.com/128x100.png/dddddd/000000')
,(12,'Veal - Inside','Plexiglass',73.16,'Goldenrod',7,'Fivespan','China','http://dummyimage.com/206x100.png/dddddd/000000')
,(13,'Chinese Foods - Chicken','Granite',88.7,'Green',8,'Skipstorm','Poland','http://dummyimage.com/158x100.png/ff4444/ffffff')
,(14,'Marjoram - Dried, Rubbed','Plexiglass',57.75,'Red',1,'Brainlounge','France','http://dummyimage.com/139x100.png/dddddd/000000')
,(15,'Mince Meat - Filling','Plastic',28.76,'Pink',1,'Twitterbeat','Panama','http://dummyimage.com/143x100.png/5fa2dd/ffffff')
,(16,'Coffee - French Vanilla Frothy','Glass',51.33,'Turquoise',11,'Shuffletag','Indonesia','http://dummyimage.com/117x100.png/cc0000/ffffff')
,(17,'Steel Wool','Granite',48.73,'Teal',12,'Roodel','Indonesia','http://dummyimage.com/117x100.png/ff4444/ffffff')
,(18,'Fenngreek Seed','Glass',32.19,'Red',2,'Pixoboo','Indonesia','http://dummyimage.com/165x100.png/ff4444/ffffff')
,(19,'Nantucket Apple Juice','Brass',14.22,'Orange',14,'Divavu','Poland','http://dummyimage.com/210x100.png/cc0000/ffffff')
,(20,'Garlic - Elephant','Brass',15.36,'Fuscia',4,'Skipfire','Indonesia','http://dummyimage.com/140x100.png/dddddd/000000')
,(21,'Veal - Brisket, Provimi, Bone - In','Wood',86.81,'Orange',14,'Skilith','Bulgaria','http://dummyimage.com/211x100.png/dddddd/000000')
,(22,'Cake - Cake Sheet Macaroon','Plexiglass',1.99,'Fuscia',5,'Twitterwire','China','http://dummyimage.com/225x100.png/5fa2dd/ffffff')
,(23,'Potatoes - Parissienne','Steel',50.86,'Red',12,'Skalith','China','http://dummyimage.com/250x100.png/cc0000/ffffff')
,(24,'Salmon - Fillets','Steel',87.26,'Aquamarine',12,'Twitterwire','China','http://dummyimage.com/187x100.png/5fa2dd/ffffff')
,(25,'Cumin - Whole','Glass',16.43,'Crimson',3,'Feedfire','South Africa','http://dummyimage.com/141x100.png/dddddd/000000')
,(26,'Beets - Pickled','Steel',21.15,'Blue',4,'Skimia','Poland','http://dummyimage.com/192x100.png/cc0000/ffffff')
,(27,'Basil - Dry, Rubbed','Vinyl',97.28,'Yellow',7,'Jaxworks','Indonesia','http://dummyimage.com/166x100.png/5fa2dd/ffffff')
,(28,'Beer - Rickards Red','Plastic',82.94,'Goldenrod',9,'Kimia','China','http://dummyimage.com/128x100.png/dddddd/000000')
,(29,'Cheese - Victor Et Berthold','Glass',36.82,'Red',6,'Skinte','Portugal','http://dummyimage.com/154x100.png/5fa2dd/ffffff')
,(30,'Shrimp - 100 / 200 Cold Water','Aluminum',49.73,'Blue',1,'JumpXS','Philippines','http://dummyimage.com/109x100.png/dddddd/000000')
,(31,'Danishes - Mini Cheese','Wood',6.54,'Pink',13,'Aivee','China','http://dummyimage.com/238x100.png/dddddd/000000')
,(32,'Veal - Provimi Inside','Steel',91.75,'Violet',1,'Feedfire','Maldives','http://dummyimage.com/198x100.png/5fa2dd/ffffff')
,(33,'Soda Water - Club Soda, 355 Ml','Vinyl',45.19,'Crimson',6,'Camido','Indonesia','http://dummyimage.com/211x100.png/cc0000/ffffff')
,(34,'Sauce - Fish 25 Ozf Bottle','Granite',22.4,'Crimson',13,'Ntag','Indonesia','http://dummyimage.com/150x100.png/cc0000/ffffff')
,(35,'Cheese - Taleggio D.o.p.','Plexiglass',25.78,'Red',2,'Linkbuzz','China','http://dummyimage.com/121x100.png/cc0000/ffffff')
,(36,'Nantucket - 518ml','Rubber',27.12,'Khaki',5,'Edgepulse','Indonesia','http://dummyimage.com/164x100.png/ff4444/ffffff')
,(37,'Dried Cranberries','Stone',30.36,'Puce',15,'Realcube','Russia','http://dummyimage.com/143x100.png/ff4444/ffffff')
,(38,'Yukon Jack','Aluminum',31.27,'Goldenrod',1,'Kwimbee','Sweden','http://dummyimage.com/209x100.png/dddddd/000000')
,(39,'Island Oasis - Ice Cream Mix','Plexiglass',5.43,'Goldenrod',3,'Linklinks','Pakistan','http://dummyimage.com/143x100.png/ff4444/ffffff')
,(40,'Octopus','Aluminum',21.49,'Red',11,'Feedbug','Serbia','http://dummyimage.com/203x100.png/dddddd/000000')
,(41,'Bagel - 12 Grain Preslice','Brass',40.26,'Fuscia',11,'Demizz','France','http://dummyimage.com/197x100.png/cc0000/ffffff')
,(42,'Muffin Chocolate Individual Wrap','Granite',34.52,'Pink',5,'Browsedrive','Colombia','http://dummyimage.com/212x100.png/ff4444/ffffff')
,(43,'Chicken - White Meat With Tender','Brass',49.96,'Pink',13,'Photobug','France','http://dummyimage.com/207x100.png/dddddd/000000')
,(44,'Syrup - Kahlua Chocolate','Steel',49.84,'Turquoise',11,'Camido','Uganda','http://dummyimage.com/132x100.png/ff4444/ffffff')
,(45,'Pepper - Green Thai','Plexiglass',82.12,'Fuscia',10,'Bubblebox','Philippines','http://dummyimage.com/107x100.png/5fa2dd/ffffff')
,(46,'Lamb - Shanks','Plexiglass',37.32,'Aquamarine',8,'Yadel','Russia','http://dummyimage.com/231x100.png/ff4444/ffffff')
,(47,'Tart Shells - Savory, 3','Plastic',42.92,'Red',5,'Wordpedia','China','http://dummyimage.com/194x100.png/ff4444/ffffff')
,(48,'Beer - Fruli','Plexiglass',23.34,'Pink',2,'Einti','Nicaragua','http://dummyimage.com/110x100.png/dddddd/000000')
,(49,'Arctic Char - Fresh, Whole','Wood',87.49,'Maroon',12,'Twitternation','Russia','http://dummyimage.com/239x100.png/ff4444/ffffff')
,(50,'Wine - Saint - Bris 2002, Sauv','Wood',86.26,'Turquoise',15,'Geba','Netherlands','http://dummyimage.com/240x100.png/ff4444/ffffff')
,(51,'Devonshire Cream','Plexiglass',54.49,'Pink',13,'Eimbee','Brazil','http://dummyimage.com/190x100.png/5fa2dd/ffffff')
,(52,'Skirt - 29 Foot','Steel',78.71,'Orange',4,'Linkbuzz','Argentina','http://dummyimage.com/197x100.png/dddddd/000000')
,(53,'Greens Mustard','Glass',82.7,'Aquamarine',3,'Jaxspan','China','http://dummyimage.com/246x100.png/ff4444/ffffff')
,(54,'Basil - Seedlings Cookstown','Stone',89.84,'Purple',6,'Twitterworks','Russia','http://dummyimage.com/133x100.png/5fa2dd/ffffff')
,(55,'Wine - White Cab Sauv.on','Aluminum',9.53,'Green',4,'Pixonyx','Philippines','http://dummyimage.com/155x100.png/dddddd/000000')
,(56,'Mussels - Cultivated','Wood',53.26,'Turquoise',10,'Wikizz','China','http://dummyimage.com/158x100.png/ff4444/ffffff')
,(57,'Napkin - Cocktail,beige 2 - Ply','Granite',7.64,'Mauv',2,'Yombu','Indonesia','http://dummyimage.com/222x100.png/dddddd/000000')
,(58,'Crackers - Trio','Plexiglass',3.38,'Green',14,'Shufflester','Netherlands','http://dummyimage.com/154x100.png/cc0000/ffffff')
,(59,'Cookie Dough - Peanut Butter','Steel',8.07,'Green',3,'Browsebug','Russia','http://dummyimage.com/226x100.png/ff4444/ffffff')
,(60,'Napkin - Beverge, White 2 - Ply','Stone',66.43,'Aquamarine',9,'Tazz','Ukraine','http://dummyimage.com/145x100.png/ff4444/ffffff')
,(61,'Allspice - Jamaican','Aluminum',5.84,'Orange',9,'Kazio','Indonesia','http://dummyimage.com/176x100.png/5fa2dd/ffffff')
,(62,'Wine - Cahors Ac 2000, Clos','Plastic',56.67,'Yellow',10,'Ntag','Nigeria','http://dummyimage.com/250x100.png/ff4444/ffffff')
,(63,'Beans - Fine','Steel',96.61,'Puce',6,'Yadel','China','http://dummyimage.com/100x100.png/cc0000/ffffff')
,(64,'Sugar - Fine','Vinyl',83.84,'Turquoise',5,'Rhycero','Iran','http://dummyimage.com/216x100.png/dddddd/000000')
,(65,'Truffle Shells - Semi - Sweet','Glass',75.73,'Khaki',9,'Oozz','Bosnia and Herzegovina','http://dummyimage.com/115x100.png/dddddd/000000')
,(66,'Sauce - Hp','Stone',25.94,'Purple',13,'Browsezoom','Colombia','http://dummyimage.com/164x100.png/ff4444/ffffff')
,(67,'Jello - Assorted','Wood',4.96,'Turquoise',5,'InnoZ','Morocco','http://dummyimage.com/206x100.png/5fa2dd/ffffff')
,(68,'Watercress','Plastic',96.92,'Green',9,'Aivee','Indonesia','http://dummyimage.com/248x100.png/dddddd/000000')
,(69,'Rabbit - Whole','Aluminum',79.99,'Pink',6,'Riffwire','China','http://dummyimage.com/124x100.png/dddddd/000000')
,(70,'Rum - Coconut, Malibu','Plastic',90.34,'Blue',3,'Thoughtstorm','Brazil','http://dummyimage.com/116x100.png/ff4444/ffffff')
,(71,'Blueberries','Steel',11.24,'Teal',11,'Katz','Indonesia','http://dummyimage.com/121x100.png/dddddd/000000')
,(72,'Beef - Striploin Aa','Glass',56.25,'Aquamarine',12,'Twinder','Mongolia','http://dummyimage.com/179x100.png/dddddd/000000')
,(73,'Cabbage Roll','Vinyl',15.59,'Puce',12,'Snaptags','Philippines','http://dummyimage.com/111x100.png/cc0000/ffffff')
,(74,'Pepper - Red Bell','Stone',66.39,'Blue',8,'Devbug','Iran','http://dummyimage.com/113x100.png/ff4444/ffffff')
,(75,'Salmon Steak - Cohoe 8 Oz','Steel',59.73,'Orange',9,'Twitternation','Russia','http://dummyimage.com/136x100.png/5fa2dd/ffffff')
,(76,'Wine - Carmenere Casillero Del','Aluminum',21.59,'Orange',10,'Viva','Indonesia','http://dummyimage.com/240x100.png/ff4444/ffffff')
,(77,'Pepper - Green Thai','Aluminum',93.97,'Puce',12,'Browsetype','North Korea','http://dummyimage.com/223x100.png/dddddd/000000')
,(78,'Bay Leaf Fresh','Rubber',79.67,'Blue',11,'Blogpad','China','http://dummyimage.com/146x100.png/dddddd/000000')
,(79,'Spice - Paprika','Steel',94.55,'Indigo',5,'Shuffletag','Venezuela','http://dummyimage.com/124x100.png/ff4444/ffffff')
,(80,'Lidsoupcont Rp12dn','Brass',97.47,'Turquoise',6,'Kwimbee','Iran','http://dummyimage.com/110x100.png/cc0000/ffffff')
,(81,'Nacho Chips','Aluminum',97.76,'Purple',5,'Rhynoodle','Philippines','http://dummyimage.com/193x100.png/5fa2dd/ffffff')
,(82,'Wine - Cotes Du Rhone Parallele','Granite',34.81,'Red',9,'Yodel','France','http://dummyimage.com/117x100.png/5fa2dd/ffffff')
,(83,'Wine - Black Tower Qr','Glass',83.67,'Violet',5,'Kayveo','Indonesia','http://dummyimage.com/227x100.png/5fa2dd/ffffff')
,(84,'Barramundi','Vinyl',47.7,'Orange',3,'InnoZ','Micronesia','http://dummyimage.com/235x100.png/ff4444/ffffff')
,(85,'Quail Eggs - Canned','Granite',80.19,'Orange',2,'Minyx','Sri Lanka','http://dummyimage.com/136x100.png/5fa2dd/ffffff')
,(86,'Wood Chips - Regular','Steel',50.64,'Violet',14,'JumpXS','United States','http://dummyimage.com/248x100.png/dddddd/000000')
,(87,'Steampan Lid','Aluminum',55.76,'Crimson',5,'Skippad','China','http://dummyimage.com/109x100.png/ff4444/ffffff')
,(88,'Apricots - Halves','Brass',78.75,'Teal',13,'Oyoyo','Poland','http://dummyimage.com/219x100.png/ff4444/ffffff')
,(89,'Cheese - Cottage Cheese','Aluminum',50.16,'Crimson',9,'Lazz','Nicaragua','http://dummyimage.com/109x100.png/dddddd/000000')
,(90,'Plastic Wrap','Rubber',39.78,'Violet',11,'Skipfire','Canada','http://dummyimage.com/241x100.png/cc0000/ffffff')
,(91,'Mushroom - Chantrelle, Fresh','Glass',15.32,'Red',8,'Realpoint','Philippines','http://dummyimage.com/107x100.png/cc0000/ffffff')
,(92,'Cookies - Assorted','Stone',40.19,'Violet',14,'Chatterbridge','Portugal','http://dummyimage.com/232x100.png/dddddd/000000')
,(93,'Icecream - Dstk Super Cone','Plexiglass',68.34,'Red',4,'Myworks','Nicaragua','http://dummyimage.com/187x100.png/5fa2dd/ffffff')
,(94,'Pasta - Ravioli','Glass',28.4,'Green',6,'Eamia','Spain','http://dummyimage.com/224x100.png/cc0000/ffffff')
,(95,'Bag - Clear 7 Lb','Wood',10.22,'Orange',10,'Aibox','Libya','http://dummyimage.com/122x100.png/ff4444/ffffff')
,(96,'Tomatoes - Vine Ripe, Red','Vinyl',96.48,'Maroon',11,'Oyoyo','Vietnam','http://dummyimage.com/139x100.png/5fa2dd/ffffff')
,(97,'Wine - Red, Pinot Noir, Chateau','Aluminum',76.93,'Teal',1,'Demivee','Russia','http://dummyimage.com/249x100.png/5fa2dd/ffffff')
,(98,'Turkey Tenderloin Frozen','Aluminum',10.84,'Red',12,'Katz','Indonesia','http://dummyimage.com/115x100.png/dddddd/000000')
,(99,'Pastry - Cherry Danish - Mini','Glass',89.74,'Orange',8,'Trilith','Croatia','http://dummyimage.com/169x100.png/cc0000/ffffff')
,(100,'Beer - Sleemans Honey Brown','Vinyl',53.04,'Maroon',10,'Aivee','United Arab Emirates','http://dummyimage.com/101x100.png/5fa2dd/ffffff');
COMMIT;

SET AUTOCOMMIT=0;
INSERT INTO PaintProduct(PaintID,ProductName,Base,Ingredients,Price,Color,FluidVolume,Brand,ManufacturingCountry,Photos) VALUES
 (1,'Juice - Orange 1.89l','MEJ','Guinea Pig Hair and Dander',29.26,'Turquoise',18,'Realbridge','New Zealand','http://dummyimage.com/105x100.png/5fa2dd/ffffff')
,(2,'Wine - Maipo Valle Cabernet','BIQ','ENSULIZOLE,OCTINOXATE, OCTISALATE, OCTOCRYLENE,OXYBENZONE,TITANIUM DIOXIDE',64.42,'Green',29,'Skinder','Lebanon','http://dummyimage.com/153x100.png/cc0000/ffffff')
,(3,'Tomatoes - Vine Ripe, Red','EAU','Oxygen',65.32,'Maroon',46,'Photospace','Micronesia','http://dummyimage.com/221x100.png/ff4444/ffffff')
,(4,'Noodles - Steamed Chow Mein','AEO','Aluminum Sesquichlorohydrate',43.88,'Yellow',81,'Yodel','Russia','http://dummyimage.com/220x100.png/dddddd/000000')
,(5,'Cheese - Brick With Onion','FAZ','LIDOCAINE HYDROCHLORIDE',17.56,'Aquamarine',47,'Wikizz','Philippines','http://dummyimage.com/236x100.png/cc0000/ffffff')
,(6,'Lamb Rack Frenched Australian','AMQ','Cefdinir',92.03,'Mauv',61,'Dynabox','Colombia','http://dummyimage.com/105x100.png/dddddd/000000')
,(7,'Syrup - Golden, Lyles','YHH','Carvedilol',6.69,'Teal',24,'Thoughtworks','China','http://dummyimage.com/168x100.png/ff4444/ffffff')
,(8,'Bok Choy - Baby','FLE','Menthol and Camphor (synthetic)',11.62,'Maroon',14,'Agivu','Argentina','http://dummyimage.com/114x100.png/dddddd/000000')
,(9,'Soup Campbells - Tomato Bisque','PLZ','LYCOPODIUM CLAVATUM SPORE',66.43,'Violet',57,'Rhyzio','Indonesia','http://dummyimage.com/199x100.png/ff4444/ffffff')
,(10,'Pasta - Rotini, Colour, Dry','SMK','Ibuprofen',94.07,'Aquamarine',15,'Digitube','China','http://dummyimage.com/101x100.png/5fa2dd/ffffff')
,(11,'Chevril','MHY','quinapril',72.38,'Red',69,'Yozio','Poland','http://dummyimage.com/239x100.png/5fa2dd/ffffff')
,(12,'Pork - Bacon Cooked Slcd','TSH','Meloxicam',5.9,'Pink',38,'Browsetype','Russia','http://dummyimage.com/191x100.png/ff4444/ffffff')
,(13,'Sauce - Chili','VOZ','Diphenhydramine hydrochloride',66.6,'Turquoise',87,'Fivechat','Vietnam','http://dummyimage.com/223x100.png/cc0000/ffffff')
,(14,'Cheese - Feta','OVA','tacrolimus',73.28,'Violet',86,'Gigaclub','Niger','http://dummyimage.com/126x100.png/ff4444/ffffff')
,(15,'Sobe - Orange Carrot','ILM','Dexamethasone Sodium Phosphate',14.47,'Aquamarine',72,'Thoughtblab','Philippines','http://dummyimage.com/248x100.png/cc0000/ffffff')
,(16,'Carbonated Water - White Grape','SVL','Oxygen-Nitrogen Mixture',19.07,'Khaki',28,'Youbridge','Uzbekistan','http://dummyimage.com/171x100.png/cc0000/ffffff')
,(17,'Juice - Orange 1.89l','CFH','Octinoxate, Oxybenzone',92.19,'Khaki',17,'Yambee','Dominican Republic','http://dummyimage.com/230x100.png/cc0000/ffffff')
,(18,'Wheat - Soft Kernal Of Wheat','LHW','Sodium Fluoride',39.46,'Indigo',32,'Voomm','Ukraine','http://dummyimage.com/193x100.png/dddddd/000000')
,(19,'Sauce - Caesar Dressing','RWN','Pioglitazone',63.25,'Teal',86,'Talane','Sweden','http://dummyimage.com/212x100.png/5fa2dd/ffffff')
,(20,'Eggs - Extra Large','ASR','Dicloxacillin Sodium',50.28,'Violet',76,'Meedoo','Croatia','http://dummyimage.com/182x100.png/dddddd/000000')
,(21,'Squid - Tubes / Tenticles 10/20','SFL','fluocinolone acetonide',52.18,'Teal',87,'Mita','Brazil','http://dummyimage.com/179x100.png/5fa2dd/ffffff')
,(22,'Vodka - Moskovskaya','MUK','Goat Epithelium',29.03,'Khaki',87,'Flashset','Brazil','http://dummyimage.com/159x100.png/ff4444/ffffff')
,(23,'Dc Hikiage Hira Huba','YLH','Dextrose monohydrate',66.54,'Purple',91,'Realblab','Philippines','http://dummyimage.com/186x100.png/cc0000/ffffff')
,(24,'Appetizer - Escargot Puff','FCS','Minocycline',11.63,'Blue',93,'Youspan','Brazil','http://dummyimage.com/133x100.png/ff4444/ffffff')
,(25,'Pastry - Cherry Danish - Mini','ETZ','Alcohol',21.58,'Khaki',82,'Fivebridge','Jordan','http://dummyimage.com/221x100.png/dddddd/000000')
,(26,'Beef - Prime Rib Aaa','TAL','Primidone',97.01,'Turquoise',13,'Jaxnation','China','http://dummyimage.com/230x100.png/ff4444/ffffff')
,(27,'Pomegranates','AUM','HYDROQUINONE',94.81,'Indigo',70,'Reallinks','Argentina','http://dummyimage.com/140x100.png/dddddd/000000')
,(28,'Spice - Peppercorn Melange','YGC','Pecan Pollen',48.48,'Maroon',98,'Jabbertype','China','http://dummyimage.com/233x100.png/dddddd/000000')
,(29,'Container - Clear 32 Oz','SGX','APIS MELLIFERA, BRYONIA ALBA ROOT, CALCIUM FLUORIDE, LITHIUM CARBONATE, TOXICODENDRON PUBESCENS LEAF, RUTA GRAVEOLENS FLOWERING TOP, SALICYLIC ACID',90.02,'Puce',30,'Voonder','Serbia','http://dummyimage.com/247x100.png/cc0000/ffffff')
,(30,'Beer - True North Strong Ale','BGT','Echinacea, Hypericum Perforatum, Symphytum Officinale, Arnica Montana, Agaricus Muscarius, Arsenicum Album, Gelsemium Sempervirens',67.42,'Orange',35,'Skyvu','Vietnam','http://dummyimage.com/240x100.png/cc0000/ffffff')
,(31,'Mushrooms - Black, Dried','LEH','TITANIUM DIOXIDE',16.54,'Aquamarine',16,'Tagchat','Uzbekistan','http://dummyimage.com/225x100.png/5fa2dd/ffffff')
,(32,'Wine - Rioja Campo Viejo','COH','ALCOHOL',73.82,'Khaki',86,'Livefish','Indonesia','http://dummyimage.com/189x100.png/ff4444/ffffff')
,(33,'Beans - Black Bean, Dry','TOJ','DOCUSATE SODIUM',33.7,'Fuscia',44,'Devshare','Bahamas','http://dummyimage.com/153x100.png/dddddd/000000')
,(34,'Coffee Cup 12oz 5342cd','PUT','Titanium Dioxide, Zinc Oxide',34.67,'Blue',82,'Dabshots','China','http://dummyimage.com/127x100.png/5fa2dd/ffffff')
,(35,'Wine - Shiraz Wolf Blass Premium','OMN','Chicken Meat',15.16,'Indigo',98,'LiveZ','Slovenia','http://dummyimage.com/169x100.png/ff4444/ffffff')
,(36,'Flour - Semolina','YFL','ALCOHOL',53.75,'Green',47,'Buzzshare','Philippines','http://dummyimage.com/169x100.png/ff4444/ffffff')
,(37,'Tia Maria','DYG','Lansoprazole',67.48,'Orange',96,'Meevee','Iran','http://dummyimage.com/212x100.png/dddddd/000000')
,(38,'Doilies - 7, Paper','KRW','TITANIUM DIOXIDE',57.74,'Teal',10,'Muxo','China','http://dummyimage.com/152x100.png/ff4444/ffffff')
,(39,'Tendrils - Baby Pea, Organic','SNP','Rhizopus nigricans',54.44,'Violet',92,'Wikibox','Nigeria','http://dummyimage.com/156x100.png/dddddd/000000')
,(40,'Mace','KGR','Primidone',25.44,'Fuscia',3,'Brainverse','Russia','http://dummyimage.com/115x100.png/cc0000/ffffff')
,(41,'Sugar - Monocystal / Rock','BRL','diltiazem hydrochloride',72.64,'Yellow',100,'Yodo','Oman','http://dummyimage.com/221x100.png/ff4444/ffffff')
,(42,'Chicken - Ground','ANS','Naproxen',21.57,'Orange',19,'Fivebridge','France','http://dummyimage.com/136x100.png/dddddd/000000')
,(43,'Paper Cocktail Umberlla 80 - 180','AXK','Benzalkonium chloride and Benzocaine',79.01,'Aquamarine',76,'Kamba','Finland','http://dummyimage.com/154x100.png/5fa2dd/ffffff')
,(44,'Momiji Oroshi Chili Sauce','ACR','OCTINOXATE, TITANIUM DIOXIDE, AMILOXATE, BEMOTRIZINOL, DIETHYLAMINO HYDROXYBENZOYL HEXYL BENZOATE, ENSULIZOLE',28.74,'Pink',24,'Realpoint','Philippines','http://dummyimage.com/236x100.png/dddddd/000000')
,(45,'Dried Peach','LIB','Glycerin',41.92,'Purple',64,'Thoughtbridge','Greece','http://dummyimage.com/158x100.png/5fa2dd/ffffff')
,(46,'Stock - Veal, White','AWB','Salicylic Acid',38.9,'Pink',25,'Myworks','China','http://dummyimage.com/129x100.png/ff4444/ffffff')
,(47,'Water - San Pellegrino','FJR','Propranolol Hydrochloride',80.06,'Mauv',75,'Shuffletag','Ukraine','http://dummyimage.com/202x100.png/cc0000/ffffff')
,(48,'Shiratamako - Rice Flour','KDN','FERROUS SULFATE',64.26,'Red',80,'Shuffletag','Malawi','http://dummyimage.com/176x100.png/dddddd/000000')
,(49,'Sauce - Mint','URB','Amlodipine Besylate',10.29,'Indigo',97,'Skilith','Germany','http://dummyimage.com/136x100.png/5fa2dd/ffffff')
,(50,'Sprouts Dikon','CDS','Dexamethasone Sodium Phosphate',90.28,'Blue',29,'Minyx','Pakistan','http://dummyimage.com/142x100.png/dddddd/000000')
,(51,'Yams','AFD','CALCIUM CARBONATE',93.75,'Pink',27,'Ainyx','Japan','http://dummyimage.com/175x100.png/dddddd/000000')
,(52,'Icecream - Dstk Strw Chseck','COJ','Salicylic acid',81.45,'Yellow',55,'Buzzshare','France','http://dummyimage.com/184x100.png/5fa2dd/ffffff')
,(53,'Tea - Jasmin Green','IAD','Leucine, Phenylalanine, Lysine, Methionine, Isoleucine, Valine, Histidine, Threonine, Tryptophan, Alanine, Glycine, Arginine, Proline, Serine, Tyrosine, Sodium Acetate, Dibasic Potassium Phosphate, Ma',4.93,'Pink',55,'Voonix','Serbia','http://dummyimage.com/139x100.png/cc0000/ffffff')
,(54,'Veal - Striploin','VIU','SIROLIMUS',49.38,'Orange',86,'Twimm','China','http://dummyimage.com/117x100.png/cc0000/ffffff')
,(55,'Wine - Valpolicella Masi','MXZ','Titanium Dioxide',73.77,'Teal',61,'Zoonder','France','http://dummyimage.com/134x100.png/ff4444/ffffff')
,(56,'The Pop Shoppe - Root Beer','GNR','PredniSONE',50.48,'Yellow',98,'Divanoodle','Brazil','http://dummyimage.com/127x100.png/dddddd/000000')
,(57,'Beer - Molson Excel','PME','Tree Mix 11',80.17,'Violet',56,'Gigaclub','United States','http://dummyimage.com/161x100.png/cc0000/ffffff')
,(58,'Fenngreek Seed','JAE','Hand Sanitizer Gel Antiseptic',82.75,'Purple',36,'Rhyzio','Netherlands','http://dummyimage.com/118x100.png/dddddd/000000')
,(59,'Towel Multifold','PMK','FLUOXETINE',53.7,'Pink',36,'Topicshots','Japan','http://dummyimage.com/211x100.png/cc0000/ffffff')
,(60,'Wine - White, Gewurtzraminer','ATD','Lovastatin',69.97,'Mauv',52,'Shuffletag','Czech Republic','http://dummyimage.com/185x100.png/cc0000/ffffff')
,(61,'Ice Cream - Vanilla','AXM','metoprolol tartrate',95.9,'Khaki',21,'Plajo','Brazil','http://dummyimage.com/154x100.png/dddddd/000000')
,(62,'Juice - Tomato, 10 Oz','OEO','avobenzone, homosalate, octisalate, octocrylene, and oxybenzone',21.34,'Fuscia',55,'Devcast','Croatia','http://dummyimage.com/103x100.png/5fa2dd/ffffff')
,(63,'Crackers - Water','GYU','TITANIUM DIOXIDE',99.0,'Teal',96,'Rhynoodle','Indonesia','http://dummyimage.com/196x100.png/dddddd/000000')
,(64,'Puree - Raspberry','TRB','POVIDONE-IODINE',62.55,'Green',70,'Pixoboo','Thailand','http://dummyimage.com/186x100.png/ff4444/ffffff')
,(65,'Sugar - Brown','ZGI','FOLLITROPIN',32.48,'Blue',5,'Geba','China','http://dummyimage.com/223x100.png/ff4444/ffffff')
,(66,'Stock - Chicken, White','YAP','Wheat Bunt',35.77,'Violet',53,'Zoomzone','China','http://dummyimage.com/230x100.png/cc0000/ffffff')
,(67,'Lamb - Leg, Bone In','CBY','Acetaminophen, Diphenhydramine HCl',58.79,'Maroon',95,'Twiyo','China','http://dummyimage.com/150x100.png/cc0000/ffffff')
,(68,'Salami - Genova','VVN','Allantoin',59.42,'Red',11,'Quatz','China','http://dummyimage.com/208x100.png/5fa2dd/ffffff')
,(69,'Mushroom - Enoki, Dry','FOM','Invisible Solid Sparkling Bloom',87.7,'Fuscia',85,'Kwilith','Russia','http://dummyimage.com/149x100.png/ff4444/ffffff')
,(70,'Juice - Orange, 341 Ml','URT','Atenolol',79.18,'Purple',2,'Viva','China','http://dummyimage.com/241x100.png/cc0000/ffffff')
,(71,'Tea - Mint','BTO','Lamotrigine',70.12,'Violet',12,'Kimia','Armenia','http://dummyimage.com/169x100.png/5fa2dd/ffffff')
,(72,'Spinach - Frozen','CEV','LISINOPRIL AND HYDROCHLOROTHIAZIDE',43.49,'Fuscia',3,'Twinder','China','http://dummyimage.com/120x100.png/ff4444/ffffff')
,(73,'Arizona - Plum Green Tea','CMQ','BELLADONNA',69.98,'Mauv',67,'Zooxo','Peru','http://dummyimage.com/122x100.png/cc0000/ffffff')
,(74,'Alize Sunset','KIC','Clonazepam',59.42,'Goldenrod',55,'Realpoint','Argentina','http://dummyimage.com/116x100.png/dddddd/000000')
,(75,'Bread - Flat Bread','MYF','Sennosides',83.53,'Fuscia',58,'Camido','Norway','http://dummyimage.com/200x100.png/ff4444/ffffff')
,(76,'Doilies - 5, Paper','LHW','Gabapentin',22.25,'Khaki',11,'Podcat','China','http://dummyimage.com/242x100.png/dddddd/000000')
,(77,'Beans - Yellow','SMU','Zinc oxide',32.83,'Purple',92,'Gabvine','United States','http://dummyimage.com/168x100.png/dddddd/000000')
,(78,'Cookie Dough - Chunky','RJK','Arnica Montana, Hamamelis Virginiana, Rhus Toxicodendron',96.54,'Red',11,'Linklinks','Russia','http://dummyimage.com/128x100.png/dddddd/000000')
,(79,'Cake - Cheese Cake 9 Inch','CAR','sodium ferric gluconate complex',62.77,'Mauv',80,'Vinder','Cambodia','http://dummyimage.com/235x100.png/5fa2dd/ffffff')
,(80,'Tray - 16in Rnd Blk','SPV','Carbinoxamine Maleate',98.05,'Green',38,'Skyndu','China','http://dummyimage.com/220x100.png/dddddd/000000')
,(81,'Bay Leaf Ground','RFR','Acetaminophen, Diphenhydramine Hydrochloride, and Phenylephrine Hydrochloride',96.42,'Aquamarine',2,'Blognation','Peru','http://dummyimage.com/240x100.png/ff4444/ffffff')
,(82,'Cheese - Marble','PMR','Menthol, Methyl Salicylate',66.85,'Green',46,'Eire','Philippines','http://dummyimage.com/100x100.png/dddddd/000000')
,(83,'Wine - Gewurztraminer Pierre','IRJ','Phosphorus 8',62.26,'Red',47,'Flashdog','Indonesia','http://dummyimage.com/129x100.png/cc0000/ffffff')
,(84,'Flour - Bread','HXD','Lime',58.58,'Indigo',50,'Tagchat','Sweden','http://dummyimage.com/174x100.png/5fa2dd/ffffff')
,(85,'Coffee - Flavoured','TTT','Acetaminophen',47.66,'Purple',47,'Jabbersphere','Philippines','http://dummyimage.com/101x100.png/dddddd/000000')
,(86,'Parsley - Fresh','HLT','Ketorolac Tromethamine',90.01,'Teal',33,'Roodel','China','http://dummyimage.com/104x100.png/5fa2dd/ffffff')
,(87,'Beer - Upper Canada Lager','RYO','Hydrocodone Bitartrate And Acetaminophen',15.25,'Fuscia',14,'Gigashots','Sweden','http://dummyimage.com/217x100.png/ff4444/ffffff')
,(88,'Sole - Dover, Whole, Fresh','KPB','Aspirin',63.48,'Turquoise',14,'Zoomzone','Colombia','http://dummyimage.com/218x100.png/5fa2dd/ffffff')
,(89,'Crush - Orange, 355ml','KCJ','clonidine hydrochloride',44.67,'Purple',54,'Yotz','China','http://dummyimage.com/238x100.png/dddddd/000000')
,(90,'Tart - Raisin And Pecan','SWY','Fentanyl',68.2,'Red',71,'Brainverse','Indonesia','http://dummyimage.com/228x100.png/cc0000/ffffff')
,(91,'Tea - Jasmin Green','GEX','indomethacin',94.22,'Yellow',86,'Demimbu','China','http://dummyimage.com/104x100.png/dddddd/000000')
,(92,'Yukon Jack','PRN','Apis mel., Berber. vulg., Bryonia, Cantharis, Cinchona, Equisetum hyemale, Ferrum phosphoricum, Gelsemium, Juniperus com., Pareira, Phosphorus, Plantago, Pulsatilla, Sabal, Terebinthina, Uva-ursi, Echinacea, Hydrastis, Lappa, Solidago',22.46,'Puce',99,'Meezzy','Indonesia','http://dummyimage.com/227x100.png/ff4444/ffffff')
,(93,'Gherkin - Sour','BDN','bacitracin zinc, neomycin sulfate, polymyxin B sulfate, and pramoxine hydrochloride',20.2,'Red',38,'Eidel','Indonesia','http://dummyimage.com/243x100.png/dddddd/000000')
,(94,'Beef - Top Sirloin','SFM','Doxazosin',56.15,'Fuscia',19,'Twimm','Bangladesh','http://dummyimage.com/249x100.png/ff4444/ffffff')
,(95,'Bread - Raisin Walnut Pull','RBW','Naproxen',85.12,'Khaki',59,'Ainyx','Mexico','http://dummyimage.com/141x100.png/dddddd/000000')
,(96,'Ham - Smoked, Bone - In','NDK','fentanyl citrate',98.4,'Teal',82,'Oyope','Poland','http://dummyimage.com/125x100.png/ff4444/ffffff')
,(97,'Chinese Foods - Pepper Beef','TRG','Octocrylene,Octinoxate,Octisalate,Oxybenzone,Titanium Dioxide',92.74,'Blue',78,'Eidel','Russia','http://dummyimage.com/201x100.png/dddddd/000000')
,(98,'Puree - Blackcurrant','BSJ','Brompheniramine maleate, Dextromethorphan HBr, Phenylephrine HCl',19.88,'Mauv',31,'Brainlounge','China','http://dummyimage.com/183x100.png/dddddd/000000')
,(99,'Cookie Double Choco','MPC','Felodipine',32.26,'Yellow',1,'Layo','Canada','http://dummyimage.com/193x100.png/dddddd/000000')
,(100,'Sprouts - Bean','CPT','sertraline hydrochloride',65.32,'Indigo',90,'Edgewire','Brazil','http://dummyimage.com/248x100.png/cc0000/ffffff');
COMMIT;

SET AUTOCOMMIT=0;
INSERT INTO Products(ProductID,YarnID,BeadID,PaintID,UnitsInStock,DateAdded,SupplierID,UnitsOnOrder) VALUES
 (1,1,NULL,NULL,36,'2023-02-09',55,10)
,(2,2,NULL,NULL,96,'2023-03-31',22,8)
,(3,3,NULL,NULL,29,'2022-12-08',36,5)
,(4,4,NULL,NULL,5,'2022-09-25',74,5)
,(5,5,NULL,NULL,34,'2022-05-24',44,2)
,(6,6,NULL,NULL,71,'2022-09-29',57,1)
,(7,7,NULL,NULL,37,'2022-11-09',15,10)
,(8,8,NULL,NULL,99,'2022-06-06',69,3)
,(9,9,NULL,NULL,43,'2023-02-06',51,2)
,(10,10,NULL,NULL,91,'2022-07-16',23,5)
,(11,11,NULL,NULL,49,'2023-01-14',68,1)
,(12,12,NULL,NULL,92,'2022-10-30',20,9)
,(13,13,NULL,NULL,18,'2022-07-01',62,5)
,(14,14,NULL,NULL,30,'2022-09-10',71,3)
,(15,15,NULL,NULL,72,'2022-07-19',23,4)
,(16,16,NULL,NULL,69,'2022-05-30',21,2)
,(17,17,NULL,NULL,2,'2022-07-10',7,8)
,(18,18,NULL,NULL,67,'2022-04-20',28,7)
,(19,19,NULL,NULL,22,'2022-11-07',93,10)
,(20,20,NULL,NULL,67,'2022-05-26',14,3)
,(21,21,NULL,NULL,38,'2022-07-15',94,2)
,(22,22,NULL,NULL,37,'2022-06-05',32,4)
,(23,23,NULL,NULL,41,'2022-11-20',62,2)
,(24,24,NULL,NULL,7,'2022-12-08',22,4)
,(25,25,NULL,NULL,57,'2022-05-25',42,10)
,(26,26,NULL,NULL,50,'2023-01-29',63,1)
,(27,27,NULL,NULL,45,'2022-09-10',99,6)
,(28,28,NULL,NULL,16,'2022-09-22',73,5)
,(29,29,NULL,NULL,83,'2022-10-13',87,5)
,(30,30,NULL,NULL,76,'2022-09-01',56,9)
,(31,31,NULL,NULL,82,'2022-10-11',76,7)
,(32,32,NULL,NULL,86,'2022-10-31',83,7)
,(33,33,NULL,NULL,73,'2022-09-19',23,7)
,(34,34,NULL,NULL,68,'2022-12-12',21,3)
,(35,NULL,1,NULL,1,'2022-07-24',49,8)
,(36,NULL,2,NULL,74,'2022-06-14',31,9)
,(37,NULL,3,NULL,45,'2023-02-09',41,2)
,(38,NULL,4,NULL,9,'2022-10-29',71,1)
,(39,NULL,5,NULL,97,'2023-02-26',33,6)
,(40,NULL,6,NULL,58,'2022-10-11',23,4)
,(41,NULL,7,NULL,9,'2022-06-30',98,7)
,(42,NULL,8,NULL,74,'2022-10-16',3,10)
,(43,NULL,9,NULL,79,'2022-07-01',12,3)
,(44,NULL,10,NULL,18,'2022-10-02',63,6)
,(45,NULL,11,NULL,45,'2022-07-19',51,2)
,(46,NULL,12,NULL,39,'2023-04-08',54,9)
,(47,NULL,14,NULL,85,'2022-05-09',2,1)
,(48,NULL,15,NULL,14,'2023-03-07',15,7)
,(49,NULL,16,NULL,78,'2023-01-18',82,6)
,(50,NULL,17,NULL,53,'2022-09-30',74,1)
,(51,NULL,18,NULL,66,'2023-01-23',91,5)
,(52,NULL,19,NULL,98,'2022-07-15',18,10)
,(53,NULL,20,NULL,7,'2022-05-31',19,9)
,(54,NULL,21,NULL,74,'2023-02-12',1,10)
,(55,NULL,22,NULL,43,'2023-04-11',64,6)
,(56,NULL,23,NULL,1,'2023-03-25',15,7)
,(57,NULL,24,NULL,59,'2022-07-02',41,1)
,(58,NULL,25,NULL,73,'2022-05-12',24,9)
,(59,NULL,26,NULL,37,'2022-12-14',13,4)
,(60,NULL,27,NULL,44,'2022-08-01',78,9)
,(61,NULL,28,NULL,81,'2022-06-05',10,7)
,(62,NULL,29,NULL,15,'2022-04-18',62,9)
,(63,NULL,30,NULL,90,'2022-11-28',93,8)
,(64,NULL,31,NULL,80,'2023-02-15',54,5)
,(65,NULL,32,NULL,62,'2023-03-26',73,4)
,(66,NULL,33,NULL,48,'2023-03-26',48,6)
,(67,NULL,34,NULL,48,'2022-10-31',89,8)
,(68,NULL,NULL,1,99,'2022-12-14',50,10)
,(69,NULL,NULL,2,34,'2023-02-02',30,10)
,(70,NULL,NULL,3,34,'2022-09-14',83,8)
,(71,NULL,NULL,4,84,'2022-07-16',39,5)
,(72,NULL,NULL,5,41,'2023-03-20',75,5)
,(73,NULL,NULL,6,95,'2022-12-05',88,3)
,(74,NULL,NULL,7,67,'2022-09-23',47,9)
,(75,NULL,NULL,8,47,'2022-12-04',72,10)
,(76,NULL,NULL,9,51,'2022-07-06',94,5)
,(77,NULL,NULL,10,24,'2022-10-31',27,6)
,(78,NULL,NULL,11,77,'2022-07-03',18,7)
,(79,NULL,NULL,12,55,'2022-09-28',73,1)
,(80,NULL,NULL,13,28,'2022-12-05',72,9)
,(81,NULL,NULL,14,14,'2022-09-27',92,1)
,(82,NULL,NULL,15,44,'2022-05-28',14,4)
,(83,NULL,NULL,16,8,'2023-04-03',52,3)
,(84,NULL,NULL,17,65,'2022-11-28',60,3)
,(85,NULL,NULL,18,100,'2022-09-15',11,6)
,(86,NULL,NULL,19,6,'2023-04-04',33,10)
,(87,NULL,NULL,20,48,'2022-06-25',13,9)
,(88,NULL,NULL,21,53,'2022-06-14',28,4)
,(89,NULL,NULL,22,84,'2022-05-17',75,4)
,(90,NULL,NULL,23,33,'2023-03-07',6,8)
,(91,NULL,NULL,24,89,'2023-03-23',8,8)
,(92,NULL,NULL,25,28,'2022-10-03',88,7)
,(93,NULL,NULL,26,12,'2023-01-26',69,4)
,(94,NULL,NULL,27,55,'2022-06-17',32,7)
,(95,NULL,NULL,28,100,'2022-12-14',35,8)
,(96,NULL,NULL,29,37,'2023-03-05',85,8)
,(97,NULL,NULL,30,25,'2023-01-24',19,4)
,(98,NULL,NULL,31,55,'2022-06-11',100,8)
,(99,NULL,NULL,32,49,'2023-01-19',55,2)
,(100,NULL,NULL,33,15,'2023-02-27',50,6);
COMMIT;

SET AUTOCOMMIT=0;
INSERT INTO Reviews(ReviewID,ProductID,Username,Photos,Rating,WrittenReview) VALUES
 (1,23,'kdurber18','http://dummyimage.com/212x100.png/ff4444/ffffff',5,'pharetra magna ac consequat metus sapien ut nunc vestibulum ante ipsum primis in faucibus orci luctus et ultrices posuere cubilia')
,(2,22,'sdallowaye','http://dummyimage.com/173x100.png/5fa2dd/ffffff',4,'accumsan tortor quis turpis sed ante vivamus tortor duis mattis egestas metus aenean fermentum donec ut mauris eget massa')
,(3,5,'thayland3','http://dummyimage.com/106x100.png/5fa2dd/ffffff',5,'lectus in est risus auctor sed tristique in tempus sit amet sem fusce consequat nulla nisl nunc nisl duis')
,(4,28,'tlyffe5','http://dummyimage.com/204x100.png/cc0000/ffffff',5,'posuere cubilia curae duis faucibus accumsan odio curabitur convallis duis consequat dui nec nisi volutpat eleifend')
,(5,33,'bwardhaugh17','http://dummyimage.com/144x100.png/5fa2dd/ffffff',1,'at feugiat non pretium quis lectus suspendisse potenti in eleifend quam a odio')
,(6,1,'scastellanos11','http://dummyimage.com/162x100.png/dddddd/000000',5,'massa id nisl venenatis lacinia aenean sit amet justo morbi ut odio cras mi pede malesuada in imperdiet et')
,(7,30,'wpendlingtonv','http://dummyimage.com/136x100.png/dddddd/000000',1,'morbi a ipsum integer a nibh in quis justo maecenas rhoncus aliquam lacus')
,(8,8,'rsyme4','http://dummyimage.com/241x100.png/ff4444/ffffff',5,'nisl duis bibendum felis sed interdum venenatis turpis enim blandit mi')
,(9,32,'nhindmore1o','http://dummyimage.com/179x100.png/dddddd/000000',5,'in congue etiam justo etiam pretium iaculis justo in hac habitasse platea dictumst etiam faucibus cursus urna ut tellus')
,(10,56,'owetton1f','http://dummyimage.com/113x100.png/ff4444/ffffff',4,'tortor duis mattis egestas metus aenean fermentum donec ut mauris eget massa tempor convallis nulla neque libero convallis')
,(11,66,'ncarvill2m','http://dummyimage.com/223x100.png/ff4444/ffffff',5,'quisque porta volutpat erat quisque erat eros viverra eget congue eget')
,(12,76,'bcartmill1i','http://dummyimage.com/185x100.png/dddddd/000000',5,'aliquam non mauris morbi non lectus aliquam sit amet diam')
,(13,86,'lovington22','http://dummyimage.com/236x100.png/5fa2dd/ffffff',4,'consequat lectus in est risus auctor sed tristique in tempus sit amet')
,(14,96,'bmakenl','http://dummyimage.com/123x100.png/ff4444/ffffff',3,'mauris eget massa tempor convallis nulla neque libero convallis eget eleifend luctus ultricies eu nibh quisque id justo sit amet')
,(15,30,'ejoyeq','http://dummyimage.com/146x100.png/cc0000/ffffff',3,'in sapien iaculis congue vivamus metus arcu adipiscing molestie hendrerit at vulputate vitae nisl aenean')
,(16,21,'edimsdale7','http://dummyimage.com/207x100.png/ff4444/ffffff',4,'mollis molestie lorem quisque ut erat curabitur gravida nisi at nibh in hac habitasse platea dictumst')
,(17,17,'zdaguanno1a','http://dummyimage.com/177x100.png/cc0000/ffffff',5,'quam sollicitudin vitae consectetuer eget rutrum at lorem integer tincidunt ante vel ipsum praesent')
,(18,20,'smclagain2f','http://dummyimage.com/209x100.png/cc0000/ffffff',1,'non quam nec dui luctus rutrum nulla tellus in sagittis dui vel nisl duis')
,(19,7,'abranthwaite1p','http://dummyimage.com/132x100.png/cc0000/ffffff',1,'rhoncus mauris enim leo rhoncus sed vestibulum sit amet cursus id turpis integer aliquet massa')
,(20,29,'vcromarty26','http://dummyimage.com/249x100.png/5fa2dd/ffffff',5,'quis lectus suspendisse potenti in eleifend quam a odio in')
,(21,19,'bmuir1x','http://dummyimage.com/118x100.png/cc0000/ffffff',2,'sed magna at nunc commodo placerat praesent blandit nam nulla integer')
,(22,24,'kpourveer2l','http://dummyimage.com/193x100.png/dddddd/000000',4,'pretium quis lectus suspendisse potenti in eleifend quam a odio in hac habitasse platea dictumst maecenas ut massa quis augue')
,(23,17,'owetton1f','http://dummyimage.com/100x100.png/ff4444/ffffff',2,'vel accumsan tellus nisi eu orci mauris lacinia sapien quis')
,(24,1,'dconeau1n','http://dummyimage.com/167x100.png/cc0000/ffffff',4,'nam congue risus semper porta volutpat quam pede lobortis ligula sit amet')
,(25,92,'mellick1m','http://dummyimage.com/128x100.png/5fa2dd/ffffff',2,'vel sem sed sagittis nam congue risus semper porta volutpat quam pede lobortis')
,(26,82,'edimsdale7','http://dummyimage.com/246x100.png/ff4444/ffffff',2,'et ultrices posuere cubilia curae donec pharetra magna vestibulum aliquet ultrices erat tortor sollicitudin')
,(27,72,'nhindmore1o','http://dummyimage.com/240x100.png/5fa2dd/ffffff',2,'pulvinar sed nisl nunc rhoncus dui vel sem sed sagittis nam congue risus semper porta')
,(28,62,'jblandenn','http://dummyimage.com/248x100.png/cc0000/ffffff',4,'sapien urna pretium nisl ut volutpat sapien arcu sed augue aliquam erat')
,(29,53,'rwisbey1k','http://dummyimage.com/102x100.png/ff4444/ffffff',3,'pharetra magna ac consequat metus sapien ut nunc vestibulum ante ipsum primis in faucibus orci luctus et ultrices posuere cubilia')
,(30,32,'rondrusek29','http://dummyimage.com/159x100.png/cc0000/ffffff',4,'at dolor quis odio consequat varius integer ac leo pellentesque ultrices mattis odio donec')
,(31,30,'tlyffe5','http://dummyimage.com/112x100.png/5fa2dd/ffffff',4,'quam pharetra magna ac consequat metus sapien ut nunc vestibulum ante ipsum primis in faucibus orci luctus et ultrices posuere')
,(32,26,'jsimchenko1c','http://dummyimage.com/207x100.png/dddddd/000000',1,'in est risus auctor sed tristique in tempus sit amet sem fusce consequat nulla nisl nunc')
,(33,2,'tricharson21','http://dummyimage.com/236x100.png/cc0000/ffffff',5,'turpis donec posuere metus vitae ipsum aliquam non mauris morbi non lectus aliquam sit amet diam')
,(34,14,'mtolland16','http://dummyimage.com/246x100.png/dddddd/000000',2,'congue eget semper rutrum nulla nunc purus phasellus in felis donec semper sapien a libero nam dui proin')
,(35,33,'owetton1f','http://dummyimage.com/102x100.png/cc0000/ffffff',2,'augue vel accumsan tellus nisi eu orci mauris lacinia sapien quis libero nullam')
,(36,12,'jblandenn','http://dummyimage.com/205x100.png/5fa2dd/ffffff',3,'dis parturient montes nascetur ridiculus mus etiam vel augue vestibulum rutrum rutrum neque aenean auctor')
,(37,21,'sostick1u','http://dummyimage.com/121x100.png/cc0000/ffffff',4,'curae donec pharetra magna vestibulum aliquet ultrices erat tortor sollicitudin mi sit amet lobortis sapien')
,(38,29,'cfatkin10','http://dummyimage.com/242x100.png/cc0000/ffffff',2,'lacus at velit vivamus vel nulla eget eros elementum pellentesque quisque porta volutpat erat quisque erat eros')
,(39,2,'mellick1m','http://dummyimage.com/180x100.png/ff4444/ffffff',4,'vulputate justo in blandit ultrices enim lorem ipsum dolor sit')
,(40,18,'vcromarty26','http://dummyimage.com/202x100.png/dddddd/000000',5,'praesent id massa id nisl venenatis lacinia aenean sit amet justo morbi ut odio cras mi pede malesuada in')
,(41,12,'tlegravet','http://dummyimage.com/159x100.png/cc0000/ffffff',2,'amet sapien dignissim vestibulum vestibulum ante ipsum primis in faucibus orci')
,(42,7,'amartin2j','http://dummyimage.com/243x100.png/dddddd/000000',4,'orci pede venenatis non sodales sed tincidunt eu felis fusce posuere felis sed lacus morbi')
,(43,5,'ncarvill2m','http://dummyimage.com/142x100.png/cc0000/ffffff',4,'praesent blandit nam nulla integer pede justo lacinia eget tincidunt eget tempus vel pede morbi porttitor lorem')
,(44,23,'atatteshall1s','http://dummyimage.com/167x100.png/cc0000/ffffff',2,'libero convallis eget eleifend luctus ultricies eu nibh quisque id justo sit amet sapien dignissim vestibulum vestibulum ante ipsum')
,(45,22,'wcorkelm','http://dummyimage.com/197x100.png/dddddd/000000',2,'sagittis sapien cum sociis natoque penatibus et magnis dis parturient montes nascetur ridiculus mus etiam')
,(46,79,'rpardon2r','http://dummyimage.com/164x100.png/dddddd/000000',3,'suspendisse potenti in eleifend quam a odio in hac habitasse platea dictumst maecenas')
,(47,3,'ghuchot2h','http://dummyimage.com/172x100.png/cc0000/ffffff',2,'ligula sit amet eleifend pede libero quis orci nullam molestie nibh in')
,(48,90,'dkirdsch0','http://dummyimage.com/139x100.png/cc0000/ffffff',5,'dapibus augue vel accumsan tellus nisi eu orci mauris lacinia sapien quis libero')
,(49,24,'swaudbyr','http://dummyimage.com/191x100.png/ff4444/ffffff',4,'aliquam quis turpis eget elit sodales scelerisque mauris sit amet eros suspendisse accumsan')
,(50,7,'msergent2b','http://dummyimage.com/134x100.png/dddddd/000000',5,'sociis natoque penatibus et magnis dis parturient montes nascetur ridiculus mus etiam vel augue vestibulum rutrum')
,(51,28,'dveracruysse1','http://dummyimage.com/218x100.png/cc0000/ffffff',3,'massa id lobortis convallis tortor risus dapibus augue vel accumsan tellus nisi')
,(52,27,'bwardhaugh17','http://dummyimage.com/119x100.png/dddddd/000000',5,'praesent lectus vestibulum quam sapien varius ut blandit non interdum in ante')
,(53,89,'abranthwaite1p','http://dummyimage.com/239x100.png/dddddd/000000',4,'sed interdum venenatis turpis enim blandit mi in porttitor pede')
,(54,22,'athackray12','http://dummyimage.com/143x100.png/5fa2dd/ffffff',3,'elit sodales scelerisque mauris sit amet eros suspendisse accumsan tortor')
,(55,34,'cpowdrillp','http://dummyimage.com/109x100.png/cc0000/ffffff',3,'mauris lacinia sapien quis libero nullam sit amet turpis elementum ligula vehicula consequat')
,(56,5,'scastellanos11','http://dummyimage.com/206x100.png/5fa2dd/ffffff',2,'cras mi pede malesuada in imperdiet et commodo vulputate justo')
,(57,18,'hplacideh','http://dummyimage.com/151x100.png/5fa2dd/ffffff',2,'elementum nullam varius nulla facilisi cras non velit nec nisi vulputate nonummy maecenas tincidunt lacus')
,(58,20,'wmatiasg','http://dummyimage.com/245x100.png/cc0000/ffffff',1,'porta volutpat erat quisque erat eros viverra eget congue eget semper rutrum nulla nunc purus phasellus in felis')
,(59,13,'cpowdrillp','http://dummyimage.com/222x100.png/cc0000/ffffff',2,'sapien cursus vestibulum proin eu mi nulla ac enim in tempor turpis')
,(60,57,'bwardhaugh17','http://dummyimage.com/238x100.png/cc0000/ffffff',1,'lorem quisque ut erat curabitur gravida nisi at nibh in hac habitasse platea dictumst aliquam augue quam sollicitudin')
,(61,59,'aconnew2i','http://dummyimage.com/130x100.png/cc0000/ffffff',4,'aliquet ultrices erat tortor sollicitudin mi sit amet lobortis sapien sapien non mi integer ac')
,(62,26,'ejoyeq','http://dummyimage.com/185x100.png/dddddd/000000',4,'vulputate ut ultrices vel augue vestibulum ante ipsum primis in faucibus orci luctus et ultrices posuere')
,(63,5,'elissaman1b','http://dummyimage.com/166x100.png/dddddd/000000',4,'justo in blandit ultrices enim lorem ipsum dolor sit amet consectetuer adipiscing elit proin interdum mauris non ligula pellentesque')
,(64,27,'owetton1f','http://dummyimage.com/186x100.png/dddddd/000000',2,'sit amet sapien dignissim vestibulum vestibulum ante ipsum primis in faucibus orci')
,(65,33,'mslite13','http://dummyimage.com/122x100.png/dddddd/000000',3,'erat eros viverra eget congue eget semper rutrum nulla nunc')
,(66,55,'nsellekk','http://dummyimage.com/177x100.png/dddddd/000000',4,'pellentesque viverra pede ac diam cras pellentesque volutpat dui maecenas tristique')
,(67,22,'klamb25','http://dummyimage.com/207x100.png/ff4444/ffffff',1,'posuere cubilia curae donec pharetra magna vestibulum aliquet ultrices erat tortor sollicitudin mi sit amet lobortis sapien sapien non mi')
,(68,5,'bcanetd','http://dummyimage.com/211x100.png/5fa2dd/ffffff',2,'vestibulum quam sapien varius ut blandit non interdum in ante vestibulum ante ipsum primis in faucibus')
,(69,14,'kjanuary1z','http://dummyimage.com/231x100.png/ff4444/ffffff',4,'nullam varius nulla facilisi cras non velit nec nisi vulputate nonummy maecenas tincidunt lacus at velit')
,(70,78,'cmeiningen2o','http://dummyimage.com/101x100.png/ff4444/ffffff',3,'pellentesque eget nunc donec quis orci eget orci vehicula condimentum curabitur in libero ut massa volutpat convallis morbi odio odio')
,(71,10,'tlyffe5','http://dummyimage.com/105x100.png/5fa2dd/ffffff',5,'porttitor lacus at turpis donec posuere metus vitae ipsum aliquam non mauris morbi non lectus aliquam')
,(72,6,'pstorks1v','http://dummyimage.com/220x100.png/5fa2dd/ffffff',3,'quam a odio in hac habitasse platea dictumst maecenas ut massa quis augue luctus')
,(73,17,'klamb25','http://dummyimage.com/126x100.png/cc0000/ffffff',5,'vel pede morbi porttitor lorem id ligula suspendisse ornare consequat lectus in est risus auctor sed tristique in tempus')
,(74,66,'bcartmill1i','http://dummyimage.com/230x100.png/5fa2dd/ffffff',2,'quis justo maecenas rhoncus aliquam lacus morbi quis tortor id nulla ultrices aliquet maecenas leo odio condimentum')
,(75,2,'jblandenn','http://dummyimage.com/175x100.png/cc0000/ffffff',1,'viverra pede ac diam cras pellentesque volutpat dui maecenas tristique est et tempus semper est quam pharetra magna')
,(76,60,'vcromarty26','http://dummyimage.com/175x100.png/dddddd/000000',4,'dignissim vestibulum vestibulum ante ipsum primis in faucibus orci luctus et ultrices posuere cubilia curae nulla dapibus')
,(77,84,'swaudbyr','http://dummyimage.com/205x100.png/cc0000/ffffff',4,'vehicula consequat morbi a ipsum integer a nibh in quis justo maecenas rhoncus')
,(78,47,'qcosely15','http://dummyimage.com/151x100.png/5fa2dd/ffffff',5,'ac leo pellentesque ultrices mattis odio donec vitae nisi nam ultrices libero non mattis pulvinar nulla pede')
,(79,33,'elissaman1b','http://dummyimage.com/140x100.png/ff4444/ffffff',4,'odio odio elementum eu interdum eu tincidunt in leo maecenas')
,(80,68,'owetton1f','http://dummyimage.com/152x100.png/5fa2dd/ffffff',2,'quam sollicitudin vitae consectetuer eget rutrum at lorem integer tincidunt ante vel ipsum praesent blandit')
,(81,18,'athackray12','http://dummyimage.com/230x100.png/dddddd/000000',4,'id massa id nisl venenatis lacinia aenean sit amet justo morbi ut odio cras mi pede malesuada')
,(82,6,'mtolland16','http://dummyimage.com/208x100.png/dddddd/000000',4,'molestie hendrerit at vulputate vitae nisl aenean lectus pellentesque eget nunc donec quis orci eget orci vehicula condimentum')
,(83,9,'rondrusek29','http://dummyimage.com/147x100.png/cc0000/ffffff',5,'lectus vestibulum quam sapien varius ut blandit non interdum in')
,(84,17,'tlyffe5','http://dummyimage.com/199x100.png/ff4444/ffffff',1,'et eros vestibulum ac est lacinia nisi venenatis tristique fusce congue diam id ornare imperdiet sapien urna')
,(85,99,'scastlake1w','http://dummyimage.com/143x100.png/dddddd/000000',1,'in imperdiet et commodo vulputate justo in blandit ultrices enim lorem')
,(86,27,'mellick1m','http://dummyimage.com/169x100.png/ff4444/ffffff',3,'mattis odio donec vitae nisi nam ultrices libero non mattis pulvinar nulla pede ullamcorper augue a suscipit nulla elit')
,(87,44,'bcartmill1i','http://dummyimage.com/124x100.png/5fa2dd/ffffff',1,'mauris eget massa tempor convallis nulla neque libero convallis eget eleifend luctus ultricies eu nibh quisque id justo sit amet')
,(88,9,'parchibould1y','http://dummyimage.com/198x100.png/5fa2dd/ffffff',1,'pretium iaculis diam erat fermentum justo nec condimentum neque sapien placerat ante nulla justo aliquam quis')
,(89,51,'nsellekk','http://dummyimage.com/228x100.png/cc0000/ffffff',2,'praesent blandit nam nulla integer pede justo lacinia eget tincidunt eget tempus vel pede morbi porttitor lorem id ligula suspendisse')
,(90,29,'mslite13','http://dummyimage.com/117x100.png/dddddd/000000',4,'posuere felis sed lacus morbi sem mauris laoreet ut rhoncus aliquet pulvinar sed nisl')
,(91,9,'miliffu','http://dummyimage.com/165x100.png/dddddd/000000',3,'pede ullamcorper augue a suscipit nulla elit ac nulla sed vel enim sit')
,(92,70,'edimsdale7','http://dummyimage.com/142x100.png/5fa2dd/ffffff',2,'donec ut mauris eget massa tempor convallis nulla neque libero convallis eget eleifend luctus')
,(93,16,'rsyme4','http://dummyimage.com/146x100.png/cc0000/ffffff',5,'duis mattis egestas metus aenean fermentum donec ut mauris eget massa tempor convallis nulla neque')
,(94,28,'mslite13','http://dummyimage.com/105x100.png/ff4444/ffffff',1,'praesent blandit lacinia erat vestibulum sed magna at nunc commodo placerat praesent blandit nam nulla integer pede justo')
,(95,19,'hplacideh','http://dummyimage.com/146x100.png/ff4444/ffffff',2,'mauris ullamcorper purus sit amet nulla quisque arcu libero rutrum ac lobortis vel dapibus at')
,(96,21,'swaudbyr','http://dummyimage.com/169x100.png/ff4444/ffffff',5,'est phasellus sit amet erat nulla tempus vivamus in felis eu sapien')
,(97,77,'rsyme4','http://dummyimage.com/138x100.png/cc0000/ffffff',5,'odio consequat varius integer ac leo pellentesque ultrices mattis odio donec vitae nisi nam')
,(98,5,'nlux8','http://dummyimage.com/217x100.png/dddddd/000000',3,'tempus sit amet sem fusce consequat nulla nisl nunc nisl duis')
,(99,96,'kgalbraeth2p','http://dummyimage.com/221x100.png/cc0000/ffffff',3,'vestibulum ante ipsum primis in faucibus orci luctus et ultrices posuere cubilia curae nulla dapibus dolor vel est donec')
,(100,24,'barbucklex','http://dummyimage.com/164x100.png/ff4444/ffffff',5,'eget tempus vel pede morbi porttitor lorem id ligula suspendisse ornare');
COMMIT;

SET AUTOCOMMIT=0;
INSERT INTO Projects(ProjectID,Username,Hobby,Hours,ReviewID,Photos,ProductsUsed) VALUES
 (1,'fmila1h','n/a',14,10,'http://dummyimage.com/143x100.png/5fa2dd/ffffff',25)
,(2,'mslite13','Health Care',7,27,'http://dummyimage.com/207x100.png/cc0000/ffffff',7)
,(3,'kpourveer2l','Finance',23,25,'http://dummyimage.com/180x100.png/cc0000/ffffff',20)
,(4,'vcromarty26','Public Utilities',30,3,'http://dummyimage.com/174x100.png/dddddd/000000',13)
,(5,'amartin2j','Health Care',32,46,'http://dummyimage.com/210x100.png/cc0000/ffffff',27)
,(6,'sdallowaye','Consumer Services',31,53,'http://dummyimage.com/196x100.png/5fa2dd/ffffff',8)
,(7,'lblackburne1l','Consumer Services',36,57,'http://dummyimage.com/240x100.png/ff4444/ffffff',27)
,(8,'kjanuary1z','Technology',19,56,'http://dummyimage.com/172x100.png/dddddd/000000',13)
,(9,'edimsdale7','n/a',19,40,'http://dummyimage.com/103x100.png/cc0000/ffffff',23)
,(10,'jblandenn','n/a',17,65,'http://dummyimage.com/225x100.png/dddddd/000000',5)
,(11,'bcanetd','Finance',39,6,'http://dummyimage.com/164x100.png/dddddd/000000',34)
,(12,'zdaguanno1a','Consumer Services',14,95,'http://dummyimage.com/181x100.png/ff4444/ffffff',20)
,(13,'jgirodier1q','Basic Industries',13,56,'http://dummyimage.com/113x100.png/ff4444/ffffff',8)
,(14,'klamb25','Technology',37,54,'http://dummyimage.com/225x100.png/cc0000/ffffff',22)
,(15,'elissaman1b','Health Care',50,53,'http://dummyimage.com/222x100.png/cc0000/ffffff',12)
,(16,'igelsthorpe9','Capital Goods',22,87,'http://dummyimage.com/101x100.png/cc0000/ffffff',6)
,(17,'msmullinb','Health Care',25,65,'http://dummyimage.com/172x100.png/5fa2dd/ffffff',14)
,(18,'dkirdsch0','Energy',38,27,'http://dummyimage.com/183x100.png/5fa2dd/ffffff',11)
,(19,'jainger2e','n/a',34,81,'http://dummyimage.com/198x100.png/5fa2dd/ffffff',30)
,(20,'wmatiasg','n/a',42,58,'http://dummyimage.com/218x100.png/cc0000/ffffff',9)
,(21,'jfreeborneo','Health Care',50,33,'http://dummyimage.com/125x100.png/5fa2dd/ffffff',28)
,(22,'elissaman1b','Finance',35,69,'http://dummyimage.com/158x100.png/ff4444/ffffff',33)
,(23,'bmakenl','Health Care',2,82,'http://dummyimage.com/176x100.png/dddddd/000000',4)
,(24,'apaseki','Capital Goods',6,50,'http://dummyimage.com/135x100.png/ff4444/ffffff',34)
,(25,'hsamarth2','Consumer Services',47,49,'http://dummyimage.com/249x100.png/ff4444/ffffff',27)
,(26,'wmatiasg','Energy',1,50,'http://dummyimage.com/230x100.png/cc0000/ffffff',31)
,(27,'dveracruysse1','Technology',26,48,'http://dummyimage.com/173x100.png/cc0000/ffffff',2)
,(28,'lhardeya','Technology',21,9,'http://dummyimage.com/165x100.png/cc0000/ffffff',9)
,(29,'wpendlingtonv','Basic Industries',22,35,'http://dummyimage.com/242x100.png/ff4444/ffffff',30)
,(30,'jfreeborneo','Consumer Services',24,27,'http://dummyimage.com/213x100.png/dddddd/000000',11)
,(31,'pstorks1v','Health Care',6,86,'http://dummyimage.com/113x100.png/cc0000/ffffff',8)
,(32,'mslite13','Capital Goods',10,90,'http://dummyimage.com/114x100.png/ff4444/ffffff',6)
,(33,'ayitzhakov2k','n/a',12,31,'http://dummyimage.com/122x100.png/ff4444/ffffff',24)
,(34,'wmatiasg','n/a',8,52,'http://dummyimage.com/149x100.png/ff4444/ffffff',15)
,(35,'msergent2b','Health Care',44,22,'http://dummyimage.com/114x100.png/5fa2dd/ffffff',25)
,(36,'wcorkelm','Basic Industries',39,25,'http://dummyimage.com/135x100.png/dddddd/000000',7)
,(37,'apaseki','n/a',26,19,'http://dummyimage.com/239x100.png/5fa2dd/ffffff',4)
,(38,'ldovinson23','Basic Industries',44,39,'http://dummyimage.com/194x100.png/cc0000/ffffff',27)
,(39,'adavana1j','Technology',44,54,'http://dummyimage.com/133x100.png/cc0000/ffffff',23)
,(40,'thayland3','Technology',27,85,'http://dummyimage.com/144x100.png/ff4444/ffffff',21)
,(41,'ghuchot2h','n/a',24,73,'http://dummyimage.com/234x100.png/5fa2dd/ffffff',11)
,(42,'mpettiwardc','Energy',22,36,'http://dummyimage.com/187x100.png/5fa2dd/ffffff',6)
,(43,'dveracruysse1','Miscellaneous',23,51,'http://dummyimage.com/120x100.png/5fa2dd/ffffff',22)
,(44,'hduckworth1e','n/a',37,85,'http://dummyimage.com/221x100.png/5fa2dd/ffffff',3)
,(45,'ejoyeq','Consumer Services',11,58,'http://dummyimage.com/206x100.png/cc0000/ffffff',12)
,(46,'lblackburne1l','Finance',31,99,'http://dummyimage.com/241x100.png/dddddd/000000',2)
,(47,'mtrott2g','Basic Industries',38,69,'http://dummyimage.com/114x100.png/5fa2dd/ffffff',33)
,(48,'lhardeya','Finance',3,86,'http://dummyimage.com/103x100.png/dddddd/000000',16)
,(49,'sostick1u','Finance',2,61,'http://dummyimage.com/141x100.png/dddddd/000000',4)
,(50,'amacnallyz','n/a',32,14,'http://dummyimage.com/162x100.png/5fa2dd/ffffff',24)
,(51,'lhardeya','Technology',9,40,'http://dummyimage.com/178x100.png/cc0000/ffffff',8)
,(52,'swaudbyr','Basic Industries',36,100,'http://dummyimage.com/134x100.png/dddddd/000000',14)
,(53,'wpendlingtonv','Energy',20,80,'http://dummyimage.com/191x100.png/ff4444/ffffff',22)
,(54,'atatteshall1s','Finance',42,52,'http://dummyimage.com/161x100.png/5fa2dd/ffffff',21)
,(55,'dconeau1n','Health Care',43,15,'http://dummyimage.com/187x100.png/cc0000/ffffff',16)
,(56,'dtolhurst1r','n/a',6,50,'http://dummyimage.com/140x100.png/dddddd/000000',25)
,(57,'wwakey','Health Care',7,89,'http://dummyimage.com/227x100.png/cc0000/ffffff',9)
,(58,'rprobetts27','Finance',32,27,'http://dummyimage.com/197x100.png/ff4444/ffffff',15)
,(59,'pstorks1v','Energy',23,33,'http://dummyimage.com/183x100.png/dddddd/000000',24)
,(60,'hsamarth2','Health Care',30,97,'http://dummyimage.com/172x100.png/ff4444/ffffff',19)
,(61,'jwakely1t','n/a',19,20,'http://dummyimage.com/131x100.png/ff4444/ffffff',12)
,(62,'bmakenl','Transportation',37,76,'http://dummyimage.com/203x100.png/cc0000/ffffff',2)
,(63,'hduckworth1e','Basic Industries',16,7,'http://dummyimage.com/131x100.png/cc0000/ffffff',4)
,(64,'jainger2e','Finance',33,6,'http://dummyimage.com/170x100.png/dddddd/000000',13)
,(65,'chumbertf','Finance',30,37,'http://dummyimage.com/166x100.png/5fa2dd/ffffff',25)
,(66,'cmeiningen2o','Finance',32,35,'http://dummyimage.com/226x100.png/cc0000/ffffff',22)
,(67,'thayland3','Consumer Services',16,62,'http://dummyimage.com/100x100.png/ff4444/ffffff',26)
,(68,'athackray12','Capital Goods',3,64,'http://dummyimage.com/228x100.png/cc0000/ffffff',4)
,(69,'zdaguanno1a','Energy',3,98,'http://dummyimage.com/246x100.png/cc0000/ffffff',25)
,(70,'smclagain2f','Basic Industries',48,94,'http://dummyimage.com/195x100.png/5fa2dd/ffffff',15)
,(71,'dtolhurst1r','Consumer Non-Durables',40,13,'http://dummyimage.com/220x100.png/ff4444/ffffff',3)
,(72,'bmakenl','Technology',15,26,'http://dummyimage.com/219x100.png/dddddd/000000',21)
,(73,'thayland3','Consumer Services',17,35,'http://dummyimage.com/127x100.png/5fa2dd/ffffff',6)
,(74,'ewaberer24','Public Utilities',33,37,'http://dummyimage.com/187x100.png/ff4444/ffffff',30)
,(75,'athackray12','Finance',36,56,'http://dummyimage.com/231x100.png/cc0000/ffffff',10)
,(76,'amartin2j','Energy',39,82,'http://dummyimage.com/163x100.png/dddddd/000000',4)
,(77,'kjanuary1z','Technology',15,99,'http://dummyimage.com/163x100.png/dddddd/000000',11)
,(78,'jdevenports','Basic Industries',28,14,'http://dummyimage.com/250x100.png/ff4444/ffffff',1)
,(79,'bmostonw','Health Care',10,84,'http://dummyimage.com/173x100.png/cc0000/ffffff',19)
,(80,'swaudbyr','Consumer Non-Durables',28,41,'http://dummyimage.com/149x100.png/5fa2dd/ffffff',24)
,(81,'cfatkin10','n/a',9,42,'http://dummyimage.com/229x100.png/ff4444/ffffff',34)
,(82,'atatteshall1s','Health Care',21,7,'http://dummyimage.com/218x100.png/ff4444/ffffff',31)
,(83,'wmatiasg','Health Care',33,79,'http://dummyimage.com/244x100.png/cc0000/ffffff',13)
,(84,'gflacknell2d','Capital Goods',48,97,'http://dummyimage.com/166x100.png/cc0000/ffffff',23)
,(85,'swaudbyr','n/a',28,91,'http://dummyimage.com/145x100.png/dddddd/000000',20)
,(86,'jgirodier1q','Transportation',45,73,'http://dummyimage.com/212x100.png/5fa2dd/ffffff',14)
,(87,'scastellanos11','Consumer Services',33,23,'http://dummyimage.com/234x100.png/5fa2dd/ffffff',17)
,(88,'tricharson21','Public Utilities',1,7,'http://dummyimage.com/193x100.png/cc0000/ffffff',32)
,(89,'jainger2e','n/a',17,89,'http://dummyimage.com/157x100.png/dddddd/000000',21)
,(90,'miliffu','Public Utilities',48,42,'http://dummyimage.com/228x100.png/ff4444/ffffff',25)
,(91,'dtolhurst1r','Health Care',21,94,'http://dummyimage.com/116x100.png/5fa2dd/ffffff',21)
,(92,'tlyffe5','n/a',20,6,'http://dummyimage.com/117x100.png/ff4444/ffffff',31)
,(93,'klamb25','Health Care',34,54,'http://dummyimage.com/126x100.png/5fa2dd/ffffff',4)
,(94,'barbucklex','Basic Industries',45,46,'http://dummyimage.com/119x100.png/cc0000/ffffff',22)
,(95,'thayland3','Transportation',35,53,'http://dummyimage.com/206x100.png/5fa2dd/ffffff',14)
,(96,'bcanetd','Finance',36,55,'http://dummyimage.com/178x100.png/cc0000/ffffff',22)
,(97,'nhindmore1o','Technology',28,71,'http://dummyimage.com/121x100.png/ff4444/ffffff',33)
,(98,'tlyffe5','Transportation',44,39,'http://dummyimage.com/247x100.png/dddddd/000000',1)
,(99,'cfatkin10','Consumer Non-Durables',32,9,'http://dummyimage.com/244x100.png/5fa2dd/ffffff',11)
,(100,'kgalbraeth2p','Consumer Services',17,95,'http://dummyimage.com/178x100.png/5fa2dd/ffffff',5);
COMMIT;

SET AUTOCOMMIT=0;
INSERT INTO Patterns(ProjectID,Name,Username,Difficulty,EstimatedTime,Material) VALUES
 (1,'Gazelle, thomson''s','elissaman1b',3,16,7)
,(2,'Wallaroo, common','wwakey',4,45,25)
,(3,'North American beaver','hsamarth2',2,47,13)
,(4,'Goldeneye, common','zdaguanno1a',5,9,27)
,(5,'Barbet, levaillant''s','fmila1h',5,5,4)
,(6,'Dabchick','ldovinson23',5,17,11)
,(7,'Vulture, griffon','swaudbyr',2,45,29)
,(8,'African darter','edimsdale7',4,2,23)
,(9,'South American sea lion','mtrott2g',1,36,22)
,(10,'Lizard, mexican beaded','hplacideh',4,42,30)
,(11,'Verreaux''s sifaka','ldonegan2q',1,37,26)
,(12,'Cockatoo, roseate','miliffu',3,7,18)
,(13,'Wallaby, tammar','aconnew2i',3,46,13)
,(14,'Tarantula','jdevenports',3,6,29)
,(15,'Fox, blue','amacnallyz',2,10,10)
,(16,'Admiral, indian red','miliffu',3,27,27)
,(17,'Badger, eurasian','eobington28',1,7,24)
,(18,'Common melba finch','tbrouard2n',3,31,10)
,(19,'Magistrate black colobus','jfreeborneo',3,47,23)
,(20,'Wallaby, euro','dkirdsch0',5,7,5)
,(21,'Shrike, southern white-crowned','aingilson1g',1,26,33)
,(22,'Yellow-crowned night heron','bmostonw',5,31,25)
,(23,'Boa, mexican','msmullinb',5,11,21)
,(24,'Shelduck, common','elissaman1b',5,47,22)
,(25,'Toucan, white-throated','rprobetts27',5,7,9)
,(26,'Yellow-headed caracara','thayland3',2,46,20)
,(27,'Common wallaroo','barbucklex',2,4,18)
,(28,'American black bear','ejoyeq',4,44,24)
,(29,'Weeper capuchin','jwakely1t',4,35,10)
,(30,'Levaillant''s barbet','scastlake1w',2,14,34)
,(31,'Deer, red','ewaberer24',2,23,27)
,(32,'Stork, painted','apaseki',5,37,7)
,(33,'Turkey vulture','bventris6',1,22,24)
,(34,'Andean goose','kdurber18',1,24,21)
,(35,'Indian red admiral','amartin2j',5,31,18)
,(36,'Tree porcupine','dmacci1d',1,35,10)
,(37,'African skink','lblackburne1l',5,26,8)
,(38,'Stork, woolly-necked','tlegravet',3,25,28)
,(39,'Devil, tasmanian','nsellekk',2,8,11)
,(40,'Small Indian mongoose','jblandenn',3,14,31)
,(41,'Water monitor','tricharson21',3,39,12)
,(42,'Bulbul, african red-eyed','eobington28',4,4,2)
,(43,'Bird, bare-faced go away','fmila1h',1,24,3)
,(44,'Heron, striated','athackray12',2,9,10)
,(45,'Cormorant (unidentified)','amacnallyz',4,43,24)
,(46,'Frilled dragon','athackray12',3,48,10)
,(47,'Fox, crab-eating','cfatkin10',2,18,22)
,(48,'Mexican beaded lizard','ibrayshay14',3,19,11)
,(49,'Great skua','wmatiasg',4,26,15)
,(50,'Bee-eater, white-fronted','eobington28',2,19,5)
,(51,'Ground legaan','bcartmill1i',1,18,29)
,(52,'Crested screamer','ncarvill2m',3,25,33)
,(53,'Ring-tailed gecko','dveracruysse1',5,29,2)
,(54,'Two-toed tree sloth','rprobetts27',2,14,34)
,(55,'Marabou stork','athackray12',2,17,1)
,(56,'Skunk, striped','msergent2b',4,12,1)
,(57,'Cormorant, flightless','pstorks1v',3,25,18)
,(58,'Tokay gecko','jblandenn',2,23,19)
,(59,'Ibis, glossy','ejoyeq',1,32,27)
,(60,'Giant otter','nlux8',5,8,7)
,(61,'Common wallaroo','cpowdrillp',2,34,25)
,(62,'Gambel''s quail','tbrouard2n',3,13,22)
,(63,'Neotropic cormorant','nsellekk',3,10,34)
,(64,'Caracara (unidentified)','nhindmore1o',4,5,7)
,(65,'Gull, pacific','pstorks1v',5,43,15)
,(66,'Greylag goose','kdurber18',2,10,18)
,(67,'Lion, mountain','jgirodier1q',4,40,31)
,(68,'Armadillo, seven-banded','apaseki',3,21,32)
,(69,'Echidna, short-beaked','parchibould1y',1,14,7)
,(70,'Salmon, sockeye','rpardon2r',5,36,4)
,(71,'Corella, long-billed','gflacknell2d',4,20,30)
,(72,'Common duiker','ndominguesj',5,20,15)
,(73,'Common genet','sdallowaye',4,4,25)
,(74,'Shelduck, common','adavana1j',5,41,17)
,(75,'Baboon, olive','aconnew2i',1,23,26)
,(76,'Tiger cat','kpourveer2l',5,48,8)
,(77,'Puna ibis','agerrad19',2,46,16)
,(78,'Monkey, rhesus','amacnallyz',4,29,28)
,(79,'Australian masked owl','jdevenports',5,46,22)
,(80,'African porcupine','ncarvill2m',5,6,29)
,(81,'Lesser flamingo','dkirdsch0',2,29,6)
,(82,'Pie, rufous tree','chumbertf',1,27,34)
,(83,'Lion, steller sea','msmullinb',5,8,20)
,(84,'Coyote','cmeiningen2o',1,19,1)
,(85,'Boar, wild','swaudbyr',2,42,9)
,(86,'Cat, african wild','mslite13',1,19,3)
,(87,'Swan, trumpeter','cduggleby2a',4,15,9)
,(88,'Rhesus monkey','swaudbyr',5,27,17)
,(89,'Galapagos albatross','jgirodier1q',2,39,7)
,(90,'Large cormorant','amartin2j',1,37,24)
,(91,'Stork, jabiru','qcosely15',5,22,5)
,(92,'Grouse, sage','nsellekk',3,34,28)
,(93,'Salmon, sockeye','cpowdrillp',1,20,3)
,(94,'Grey heron','dtolhurst1r',5,5,31)
,(95,'Long-billed corella','dkirdsch0',4,13,26)
,(96,'Brush-tailed bettong','cduggleby2a',2,4,31)
,(97,'Lizard (unidentified)','hplacideh',4,35,21)
,(98,'Red-capped cardinal','edimsdale7',5,42,3)
,(99,'Salmon, sockeye','adavana1j',3,26,2)
,(100,'Rhea, common','pstorks1v',2,47,15);
COMMIT;

SET AUTOCOMMIT=0;
INSERT INTO Orders(OrderID,CustomerID,OrderDate,Price) VALUES
 (1,58,'2023-02-09',6.93)
,(2,95,'2022-05-21',70.25)
,(3,23,'2023-02-18',76.84)
,(4,92,'2022-10-09',40.72)
,(5,31,'2022-08-15',3.11)
,(6,10,'2022-11-01',45.81)
,(7,22,'2022-07-09',6.71)
,(8,48,'2023-02-04',14.37)
,(9,57,'2022-06-05',37.82)
,(10,45,'2022-06-24',55.34)
,(11,6,'2022-07-02',26.44)
,(12,44,'2023-04-13',86.81)
,(13,5,'2022-12-13',43.6)
,(14,61,'2023-02-07',40.93)
,(15,85,'2022-05-11',73.5)
,(16,60,'2023-03-02',49.87)
,(17,42,'2022-10-06',43.46)
,(18,14,'2022-11-23',69.93)
,(19,7,'2022-08-03',29.71)
,(20,70,'2023-02-23',32.15)
,(21,5,'2022-08-25',78.98)
,(22,2,'2022-07-27',47.56)
,(23,95,'2023-03-03',41.77)
,(24,19,'2022-07-04',88.95)
,(25,62,'2022-05-22',56.49)
,(26,80,'2022-06-14',15.06)
,(27,19,'2022-06-11',87.12)
,(28,66,'2022-10-30',82.06)
,(29,22,'2023-02-28',50.98)
,(30,50,'2022-08-13',88.39)
,(31,12,'2022-05-22',82.03)
,(32,92,'2022-08-11',61.69)
,(33,17,'2022-04-29',68.64)
,(34,13,'2022-05-05',38.37)
,(35,58,'2022-09-03',32.1)
,(36,1,'2022-04-20',2.78)
,(37,7,'2022-11-08',50.37)
,(38,3,'2023-03-11',73.25)
,(39,87,'2022-09-29',82.3)
,(40,69,'2022-08-29',34.17)
,(41,79,'2023-03-09',85.74)
,(42,75,'2022-08-30',27.55)
,(43,10,'2023-01-18',72.72)
,(44,50,'2022-08-09',15.76)
,(45,83,'2022-10-16',74.38)
,(46,51,'2022-09-04',2.51)
,(47,77,'2022-11-03',28.75)
,(48,80,'2022-12-20',34.64)
,(49,76,'2023-04-09',11.35)
,(50,69,'2023-03-19',1.81)
,(51,57,'2022-08-08',68.61)
,(52,23,'2022-05-17',93.41)
,(53,78,'2022-11-05',72.73)
,(54,13,'2022-07-16',8.32)
,(55,25,'2022-12-11',15.98)
,(56,82,'2022-12-14',52.04)
,(57,89,'2022-10-10',58.17)
,(58,1,'2022-08-24',37.72)
,(59,35,'2023-03-22',48.45)
,(60,8,'2022-07-05',32.08)
,(61,99,'2023-04-11',95.06)
,(62,47,'2023-01-01',99.94)
,(63,22,'2022-06-20',46.28)
,(64,14,'2022-05-19',86.51)
,(65,82,'2022-06-30',49.8)
,(66,83,'2023-03-14',40.43)
,(67,98,'2023-01-23',76.69)
,(68,29,'2022-10-22',53.46)
,(69,94,'2022-04-29',61.1)
,(70,58,'2022-12-11',50.19)
,(71,56,'2023-03-01',49.34)
,(72,10,'2023-03-27',15.96)
,(73,39,'2023-02-01',36.2)
,(74,23,'2022-05-26',19.41)
,(75,54,'2022-10-23',53.95)
,(76,94,'2022-11-12',15.92)
,(77,96,'2023-02-17',63.86)
,(78,70,'2023-04-17',29.8)
,(79,91,'2022-06-14',4.19)
,(80,1,'2022-10-09',5.51)
,(81,91,'2022-09-20',28.7)
,(82,72,'2023-04-03',83.38)
,(83,58,'2022-09-12',58.46)
,(84,57,'2023-02-13',20.56)
,(85,23,'2022-07-17',56.21)
,(86,100,'2022-05-25',58.22)
,(87,29,'2023-04-13',36.3)
,(88,70,'2023-01-19',37.7)
,(89,80,'2022-10-14',9.41)
,(90,90,'2023-03-22',62.89)
,(91,67,'2022-10-20',32.14)
,(92,5,'2022-07-06',23.72)
,(93,96,'2022-12-26',28.95)
,(94,100,'2022-06-15',48.85)
,(95,9,'2022-10-20',52.1)
,(96,89,'2022-08-24',98.5)
,(97,100,'2023-04-05',50.12)
,(98,75,'2022-09-06',43.43)
,(99,62,'2023-02-06',54.53)
,(100,68,'2022-11-24',6.88);
COMMIT;

SET AUTOCOMMIT=0;
INSERT INTO OrderDetails(OrderID,UnitPrice,Products,Quantity,Discount) VALUES
 (1,77.9,34,2,5.73)
,(2,33.98,13,8,6.31)
,(3,93.25,28,10,2.36)
,(4,53.51,30,2,2.96)
,(5,39.7,2,8,8.44)
,(6,11.2,15,7,3.51)
,(7,89.6,23,8,9.74)
,(8,34.53,3,7,6.85)
,(9,96.61,32,10,2.27)
,(10,20.41,5,9,3.93)
,(11,28.19,5,8,3.59)
,(12,25.43,11,1,6.94)
,(13,25.96,24,1,9.87)
,(14,35.56,32,3,5.13)
,(15,43.3,16,2,8.28)
,(16,88.9,19,4,9.54)
,(17,78.49,8,7,2.08)
,(18,32.82,34,8,1.18)
,(19,37.27,32,8,9.44)
,(20,59,6,6,2.44)
,(21,66.15,4,6,1.49)
,(22,66.8,14,6,7.63)
,(23,92.32,17,7,5.92)
,(24,64.86,2,5,5.25)
,(25,43.59,33,8,3.12)
,(26,48.55,4,7,7.71)
,(27,67.57,16,6,1.45)
,(28,64.99,19,1,6.03)
,(29,62.76,10,2,8.02)
,(30,53.86,12,7,7.31)
,(31,37.02,21,8,5.97)
,(32,71.98,22,4,3.48)
,(33,33.57,34,7,1.48)
,(34,25.01,8,7,2.01)
,(35,43.1,11,8,3.26)
,(36,52.03,34,6,3.35)
,(37,85.57,5,9,2.96)
,(38,59.6,26,7,3.59)
,(39,30.93,27,3,4.68)
,(40,41.34,23,8,9.54)
,(41,44.73,31,7,7.1)
,(42,52.62,26,2,7.12)
,(43,65.73,24,4,2.24)
,(44,98.72,23,4,9.17)
,(45,49.01,19,3,1.04)
,(46,61.18,3,3,3.29)
,(47,70.77,9,4,3.34)
,(48,24.33,8,10,1.51)
,(49,18.06,23,3,5.57)
,(50,76.89,10,3,6.35)
,(51,20.18,34,5,2.63)
,(52,62.8,9,8,9.09)
,(53,66.77,28,9,3.29)
,(54,60.62,30,5,7.4)
,(55,73.85,7,8,8.79)
,(56,43.85,26,10,5.54)
,(57,65.98,15,1,7.69)
,(58,79.8,9,1,9.29)
,(59,24.54,7,5,8.88)
,(60,77.98,5,2,4.2)
,(61,72.79,22,8,1.97)
,(62,88.05,31,10,7.68)
,(63,35.07,29,4,2.45)
,(64,59.22,2,6,2.46)
,(65,93.83,19,1,9.26)
,(66,80.67,2,4,4.74)
,(67,34.08,27,6,4.19)
,(68,31.1,19,1,1.84)
,(69,44.04,12,8,7.03)
,(70,16.83,23,10,2.96)
,(71,88.33,28,1,2.43)
,(72,34.32,22,1,3.64)
,(73,38.71,26,9,1.74)
,(74,26.63,14,9,2.87)
,(75,75.61,21,10,6.47)
,(76,34.44,27,10,1.91)
,(77,17.21,4,7,7.29)
,(78,71.71,34,2,2.38)
,(79,48.13,32,5,3.72)
,(80,30.31,1,9,3.55)
,(81,47.02,13,2,3.04)
,(82,55.31,12,1,1.65)
,(83,11.99,20,2,8.99)
,(84,63.46,15,8,3.26)
,(85,23.76,22,10,8.52)
,(86,54.77,21,7,6.94)
,(87,61,16,6,3.63)
,(88,49.09,17,9,4.25)
,(89,33.38,8,9,3.61)
,(90,78.78,12,6,4.5)
,(91,69.95,28,10,7.25)
,(92,44.81,11,4,3.43)
,(93,31.2,24,5,9.48)
,(94,33.39,31,6,1.43)
,(95,12.29,6,6,4.68)
,(96,57.82,19,9,3.88)
,(97,74.76,28,8,2.92)
,(98,48.62,16,10,7.56)
,(99,80.98,6,5,4.66)
,(100,55.84,22,4,2.19);
COMMIT;

SET AUTOCOMMIT=0;
INSERT INTO Shipments(OrderID,ShippingAddress,Carrier,TrackingID) VALUES
 (1,'8 Iowa Circle','Kwideo',1)
,(2,'96733 Luster Park','Topicshots',2)
,(3,'336 Mesta Road','InnoZ',3)
,(4,'14 Fuller Plaza','Jabbersphere',4)
,(5,'7 Grasskamp Street','Skidoo',5)
,(6,'58 Springview Way','Oba',6)
,(7,'8 Union Alley','Buzzbean',7)
,(8,'78 Fairview Plaza','Photolist',8)
,(9,'2650 Vermont Point','Skipstorm',9)
,(10,'86145 Southridge Terrace','JumpXS',10)
,(11,'184 Cordelia Terrace','Demimbu',11)
,(12,'4093 Brickson Park Park','Avamba',12)
,(13,'4 Merry Circle','Jazzy',13)
,(14,'18836 Declaration Park','Topiczoom',14)
,(15,'277 Lakewood Drive','Skivee',15)
,(16,'8174 Hauk Lane','Vinder',16)
,(17,'126 Dennis Circle','Thoughtblab',17)
,(18,'6466 Mifflin Circle','Meeveo',18)
,(19,'5 8th Center','Wordpedia',19)
,(20,'8504 Hudson Plaza','Yodoo',20)
,(21,'301 Walton Alley','Brainbox',21)
,(22,'6 Nelson Circle','Voomm',22)
,(23,'87548 Rutledge Road','Trilith',23)
,(24,'32145 High Crossing Terrace','Podcat',24)
,(25,'2623 Brentwood Street','Livefish',25)
,(26,'11 Red Cloud Circle','Meemm',26)
,(27,'3654 Hanover Junction','Linktype',27)
,(28,'323 Mccormick Alley','Jabbertype',28)
,(29,'031 Killdeer Plaza','Ntag',29)
,(30,'573 Glacier Hill Crossing','Topiczoom',30)
,(31,'31 Trailsway Crossing','Mybuzz',31)
,(32,'68422 Shoshone Way','Oozz',32)
,(33,'4293 Ridgeway Circle','Twitterbeat',33)
,(34,'2 Pond Terrace','Yodel',34)
,(35,'8 Express Place','Reallinks',35)
,(36,'6278 Melby Center','Gabtune',36)
,(37,'88075 Helena Road','Avamm',37)
,(38,'1136 Heath Way','Feedmix',38)
,(39,'93408 Di Loreto Park','Demimbu',39)
,(40,'96 Portage Place','Skibox',40)
,(41,'93154 Sherman Alley','Browsetype',41)
,(42,'91 Bluestem Park','Leenti',42)
,(43,'1 Carberry Pass','Demimbu',43)
,(44,'97290 Iowa Road','Skajo',44)
,(45,'58 Homewood Pass','Trunyx',45)
,(46,'7783 Forest Run Point','Ntags',46)
,(47,'88 Shasta Pass','Kwilith',47)
,(48,'60504 Kropf Trail','Jaxspan',48)
,(49,'3698 Claremont Avenue','Mynte',49)
,(50,'35 Homewood Crossing','Linkbuzz',50)
,(51,'145 Continental Crossing','Mydeo',51)
,(52,'11 International Drive','Yotz',52)
,(53,'3047 Straubel Terrace','Topicshots',53)
,(54,'30127 Walton Point','Kazu',54)
,(55,'5665 International Circle','Photobug',55)
,(56,'86182 Monument Lane','Skyba',56)
,(57,'118 Dottie Parkway','Aivee',57)
,(58,'2 Clove Avenue','Npath',58)
,(59,'339 Fallview Circle','Fanoodle',59)
,(60,'0445 Mcbride Point','Eare',60)
,(61,'494 Gina Parkway','Meetz',61)
,(62,'3501 Eagle Crest Drive','Youspan',62)
,(63,'9 Morning Court','Meezzy',63)
,(64,'8 Ramsey Trail','Flashset',64)
,(65,'8283 North Hill','Twitterworks',65)
,(66,'529 Meadow Valley Plaza','Blogspan',66)
,(67,'6 Farmco Road','Twitterlist',67)
,(68,'66850 Anthes Drive','Quire',68)
,(69,'4 Red Cloud Plaza','Skibox',69)
,(70,'0956 Mendota Court','Flashdog',70)
,(71,'2478 Columbus Circle','Fiveclub',71)
,(72,'18121 Holmberg Way','Pixonyx',72)
,(73,'2 Havey Hill','Skidoo',73)
,(74,'41105 Valley Edge Avenue','Minyx',74)
,(75,'8 Lien Circle','Twinte',75)
,(76,'48688 Hintze Junction','Zava',76)
,(77,'204 Maywood Drive','Bubbletube',77)
,(78,'3775 Orin Park','Jetwire',78)
,(79,'774 Longview Street','Tagcat',79)
,(80,'28 Beilfuss Pass','Flashdog',80)
,(81,'0879 Fulton Road','Fivebridge',81)
,(82,'97 Granby Place','Thoughtworks',82)
,(83,'005 Michigan Circle','Trilia',83)
,(84,'52037 Boyd Hill','Zava',84)
,(85,'11 Eastlawn Avenue','Demizz',85)
,(86,'40 Fairview Plaza','Tagpad',86)
,(87,'00405 Carberry Junction','Eidel',87)
,(88,'66 Delaware Center','LiveZ',88)
,(89,'3695 Bunker Hill Pass','Eire',89)
,(90,'60 Summerview Parkway','Voonix',90)
,(91,'51 Northwestern Plaza','Mynte',91)
,(92,'6516 Daystar Lane','Quinu',92)
,(93,'223 Ridge Oak Junction','Katz',93)
,(94,'731 Wayridge Terrace','Rhyloo',94)
,(95,'1 Browning Trail','Centidel',95)
,(96,'582 Susan Point','Realcube',96)
,(97,'1593 Roth Road','Jetpulse',97)
,(98,'06 Sutteridge Pass','Yodoo',98)
,(99,'54838 Paget Drive','Shufflebeat',99)
,(100,'04 Melrose Terrace','Fanoodle',100);
COMMIT;